Rk,School,G,W,L,W.L.,SRS,SOS,W.1,L.1,W.2,L.2,W.3,L.3,Tm.,Opp.,X.,MP,FG,FGA,FG.,X3P,X3PA,X3P.,FT,FTA,FT.,ORB,TRB,AST,STL,BLK,TOV,PF
1,Abilene Christian,31,22,9,0.710,3.06,-2.50,11,7,14,3,6,6,2389,2049,,1260,829,1880,0.441,212,669,0.317,519,691,0.751,330,996,479,350,58,394,690
2,Air Force,29,11,18,0.379,-5.07,1.93,4,13,7,6,2,10,1712,1915,,1160,627,1437,0.436,208,625,0.333,250,385,0.649,172,770,362,158,88,395,523
3,Akron,31,22,9,0.710,-0.18,-4.70,14,6,12,3,8,4,2204,1956,,1245,756,1645,0.460,243,689,0.353,449,657,0.683,309,1094,367,176,102,358,495
4,Alabama A&M,29,12,17,0.414,-14.15,-8.56,10,8,7,3,4,14,1779,1941,,1180,635,1671,0.380,111,415,0.267,398,562,0.708,321,1095,278,205,93,393,465
5,UAB,32,25,7,0.781,11.26,-0.91,14,4,16,2,7,4,2559,2083,,1280,953,2034,0.469,253,669,0.378,400,548,0.730,393,1225,422,312,136,362,523
6,Alabama State,31,10,21,0.323,-11.73,-5.13,8,10,7,6,3,15,2160,2332,,1250,751,1762,0.426,193,581,0.332,465,666,0.698,326,1062,373,234,111,477,561
7,Alabama,32,19,13,0.594,15.62,12.06,9,9,13,3,3,7,2559,2445,,1285,885,2008,0.441,297,963,0.308,492,674,0.730,433,1278,468,224,151,466,595
8,Albany (NY),31,13,18,0.419,-9.57,-5.54,9,9,4,8,8,9,1917,2042,,1245,714,1741,0.410,182,563,0.323,307,436,0.704,281,992,292,209,76,383,558
9,Alcorn State,31,16,15,0.516,-8.08,-4.11,14,4,6,3,9,12,2069,2192,,1250,747,1800,0.415,170,537,0.317,405,584,0.693,362,1110,325,233,83,438,545
10,American,32,10,22,0.313,-15.14,-7.67,5,13,6,5,4,16,2031,2270,,1290,781,1737,0.450,161,487,0.331,308,444,0.694,223,981,390,209,98,427,477
11,Appalachian State,33,19,14,0.576,-0.85,-1.05,12,6,11,4,6,7,2207,2066,,1325,799,1916,0.417,272,818,0.333,337,511,0.659,330,1165,413,185,77,334,427
12,Arizona State,31,14,17,0.452,8.23,10.06,10,10,9,6,5,7,2027,2084,,1260,775,1873,0.414,214,697,0.307,263,398,0.661,292,1102,414,207,131,370,562
13,Arizona,32,29,3,0.906,24.05,6.52,18,2,17,0,9,3,2709,2148,,1285,982,1985,0.495,251,717,0.350,494,680,0.726,373,1331,643,214,179,417,527
14,Little Rock,28,9,19,0.321,-11.57,-0.25,3,11,6,7,1,10,1868,2047,,1140,651,1544,0.422,197,585,0.337,369,502,0.735,233,881,364,194,60,387,468
15,Arkansas-Pine Bluff,31,7,24,0.226,-18.68,-4.30,5,13,5,7,2,17,2055,2426,,1245,708,1732,0.409,212,705,0.301,427,597,0.715,272,914,355,222,80,406,540
16,Arkansas State,29,18,11,0.621,-2.86,-3.09,8,7,11,3,6,7,2055,1974,,1165,745,1653,0.451,157,505,0.311,408,548,0.745,294,1044,452,229,96,403,482
17,Arkansas,31,24,7,0.774,16.87,7.75,13,5,17,1,5,4,2396,2113,,1250,832,1890,0.440,201,646,0.311,531,709,0.749,352,1192,440,240,128,386,521
18,Army,31,15,16,0.484,-10.31,-7.31,9,9,10,4,4,12,2183,2182,,1250,804,1839,0.437,209,652,0.321,366,581,0.630,344,1154,389,243,58,408,460
19,Auburn,31,27,4,0.871,20.94,8.72,15,3,16,0,8,3,2457,2078,,1260,873,1965,0.444,251,776,0.323,460,625,0.736,381,1235,456,272,246,378,576
20,Austin Peay,29,12,17,0.414,-9.58,-2.95,8,10,6,5,6,11,1875,2004,,1175,669,1639,0.408,229,726,0.315,308,436,0.706,306,952,392,186,59,405,483
21,Ball State,31,14,17,0.452,-7.51,-4.07,9,10,9,5,4,9,2304,2380,,1245,788,1783,0.442,265,735,0.361,463,667,0.694,301,1105,408,188,75,433,555
22,Baylor,32,26,6,0.813,22.03,9.16,14,4,15,2,8,3,2448,2036,,1285,903,1948,0.464,254,735,0.346,388,556,0.698,408,1188,507,282,109,400,507
23,Bellarmine,33,20,13,0.606,-3.31,-0.83,11,5,11,4,8,8,2314,2217,,1325,878,1847,0.475,257,755,0.340,301,400,0.753,240,1001,478,185,55,312,473
24,Belmont,32,25,7,0.781,7.18,-2.53,15,3,13,1,10,4,2512,2182,,1290,930,1900,0.489,274,826,0.332,378,511,0.740,251,1076,580,294,124,381,432
25,Bethune-Cookman,30,9,21,0.300,-14.40,-6.40,7,11,4,6,4,13,1901,2086,,1210,710,1705,0.416,144,429,0.336,337,489,0.689,300,977,322,238,73,401,514
26,Binghamton,29,12,17,0.414,-10.20,-5.97,8,10,5,8,7,9,1962,1983,,1165,746,1692,0.441,213,602,0.354,257,389,0.661,276,1045,334,164,106,366,484
27,Boise State,32,25,7,0.781,12.62,5.17,15,3,13,3,9,3,2215,1953,,1295,791,1760,0.449,240,684,0.351,393,607,0.647,332,1122,371,189,113,386,481
28,Boston College,33,13,20,0.394,3.82,5.00,6,14,9,7,2,10,2209,2248,,1340,812,1896,0.428,190,614,0.309,395,561,0.704,352,1131,409,238,97,393,514
29,Boston University,33,21,12,0.636,-4.43,-7.68,11,7,11,4,8,8,2353,2225,,1335,853,1860,0.459,250,699,0.358,397,542,0.732,336,1153,367,191,84,403,517
30,Bowling Green State,31,13,18,0.419,-8.40,-4.02,6,14,9,7,3,10,2488,2495,,1250,881,2024,0.435,255,751,0.340,471,637,0.739,376,1202,390,227,106,381,550
31,Bradley,31,17,14,0.548,6.34,1.74,11,7,12,2,3,8,2185,2021,,1245,799,1800,0.444,241,714,0.338,346,502,0.689,346,1202,419,197,142,420,527
32,Brigham Young,32,22,10,0.688,10.25,5.65,9,6,12,2,6,5,2358,2172,,1290,865,1911,0.453,251,708,0.355,377,520,0.725,344,1255,451,158,101,408,567
33,Brown,29,13,16,0.448,-3.19,-1.78,5,9,6,7,6,7,2058,2015,,1160,739,1698,0.435,209,668,0.313,371,523,0.709,304,1029,354,194,112,381,520
34,Bryant,31,22,9,0.710,-4.28,-7.35,15,2,14,1,7,7,2415,2255,,1250,848,1942,0.437,260,844,0.308,459,626,0.733,392,1288,437,196,138,431,520
35,Bucknell,32,9,23,0.281,-14.47,-6.22,5,13,7,6,2,15,2277,2541,,1310,818,1790,0.457,253,673,0.376,388,507,0.765,218,1014,471,148,100,431,490
36,Buffalo,30,19,11,0.633,2.30,-2.81,13,6,9,3,9,6,2398,2168,,1200,891,1957,0.455,255,746,0.342,361,509,0.709,425,1273,451,214,137,396,513
37,Butler,33,14,19,0.424,4.84,9.55,6,14,9,7,3,8,2107,2209,,1335,749,1799,0.416,229,751,0.305,380,546,0.696,298,1083,363,171,80,395,550
38,Cal Poly,28,7,21,0.250,-10.02,-2.72,4,12,4,7,2,12,1721,1885,,1135,593,1450,0.409,147,507,0.290,388,533,0.728,259,979,295,132,68,412,543
39,Cal State Bakersfield,28,9,19,0.321,-6.96,-1.40,2,14,6,7,2,11,1816,1857,,1120,682,1613,0.423,107,372,0.288,345,489,0.706,334,981,279,173,67,327,577
40,Cal State Fullerton,29,19,10,0.655,0.03,-2.60,12,5,11,2,7,7,2048,1934,,1160,724,1620,0.447,156,486,0.321,444,578,0.768,287,991,324,209,58,355,466
41,Cal State Northridge,30,7,23,0.233,-11.48,-0.87,3,15,4,11,3,11,1847,2137,,1215,678,1684,0.403,154,508,0.303,337,494,0.682,295,952,275,216,76,368,560
42,California Baptist,33,18,15,0.545,-3.10,-3.10,7,11,14,5,3,9,2344,2220,,1325,811,1841,0.441,264,793,0.333,458,683,0.671,327,1228,528,169,92,461,607
43,UC Davis,24,13,11,0.542,-3.17,-3.76,6,6,7,5,5,4,1628,1593,,965,601,1366,0.440,146,438,0.333,280,397,0.705,213,823,272,144,69,300,443
44,UC Irvine,25,15,10,0.600,2.14,-0.39,10,5,9,1,6,7,1656,1507,,1000,609,1377,0.442,126,388,0.325,312,408,0.765,250,908,273,150,89,338,450
45,UC Riverside,28,16,12,0.571,-0.39,-1.36,10,7,10,4,6,7,1865,1784,,1135,683,1544,0.442,201,628,0.320,298,414,0.720,221,995,373,147,37,345,449
46,UC San Diego,29,13,16,0.448,-6.48,-3.22,7,11,9,4,4,11,2036,2046,,1165,697,1571,0.444,265,716,0.370,377,504,0.748,172,886,395,167,53,364,424
47,UC Santa Barbara,27,17,10,0.630,2.07,-4.05,9,6,11,3,5,7,2002,1774,,1105,729,1470,0.496,145,437,0.332,399,563,0.709,250,945,420,172,77,361,467
48,California,32,12,20,0.375,4.57,7.57,5,15,10,8,2,9,2018,2114,,1290,756,1798,0.420,175,569,0.308,331,455,0.727,279,1121,342,156,83,359,529
49,Campbell,29,16,13,0.552,-4.71,-5.64,8,8,9,4,5,8,1919,1798,,1170,721,1567,0.460,184,578,0.318,293,431,0.680,201,924,404,180,66,303,401
50,Canisius,32,11,21,0.344,-7.75,-2.52,7,13,10,5,1,15,2192,2288,,1290,777,1942,0.400,236,771,0.306,402,580,0.693,355,1133,416,193,83,378,550
51,Central Arkansas,31,11,20,0.355,-13.44,-1.30,7,9,8,4,3,14,2269,2515,,1250,862,1960,0.440,207,689,0.300,338,444,0.761,313,1099,444,211,99,424,518
52,Central Connecticut State,32,8,24,0.250,-17.14,-6.79,4,13,4,7,4,15,1977,2308,,1295,690,1755,0.393,235,688,0.342,362,511,0.708,296,1020,340,199,70,441,515
53,Central Florida,29,18,11,0.621,6.73,4.53,9,9,13,3,4,8,2026,1962,,1165,716,1687,0.424,253,721,0.351,341,486,0.702,322,1032,416,202,106,380,455
54,Central Michigan,30,7,23,0.233,-11.96,-0.93,6,12,2,9,5,11,1978,2309,,1205,694,1696,0.409,232,680,0.341,358,517,0.692,276,996,345,188,91,407,597
55,Charleston Southern,31,6,25,0.194,-17.54,-4.18,1,15,4,9,1,13,2122,2356,,1245,745,1828,0.408,256,830,0.308,376,556,0.676,325,1121,371,203,93,454,502
56,Charlotte,31,17,14,0.548,-1.38,-0.18,10,8,11,4,6,6,2171,2208,,1240,781,1698,0.460,233,675,0.345,376,475,0.792,220,969,433,149,90,356,436
57,Chattanooga,34,27,7,0.794,6.08,-1.23,14,4,12,3,12,4,2543,2199,,1370,935,1994,0.469,272,785,0.346,401,533,0.752,362,1221,443,244,75,374,526
58,Chicago State,32,7,25,0.219,-13.80,-1.51,3,15,5,9,2,15,1987,2380,,1280,700,1791,0.391,243,784,0.310,344,526,0.654,367,1067,303,175,72,474,629
59,Cincinnati,32,18,14,0.563,7.68,4.01,7,11,12,6,4,7,2235,2107,,1280,795,1953,0.407,262,821,0.319,383,574,0.667,364,1197,421,201,127,339,561
60,The Citadel,31,13,18,0.419,-6.56,-1.74,6,12,7,8,5,9,2381,2382,,1265,838,1884,0.445,332,938,0.354,373,555,0.672,289,1157,500,146,111,377,475
61,Clemson,33,17,16,0.515,9.43,6.16,8,12,11,5,3,8,2367,2259,,1330,851,1868,0.456,256,706,0.363,409,556,0.736,281,1143,470,195,77,364,521
62,Cleveland State,30,20,10,0.667,-1.86,-6.00,15,6,15,3,5,6,2268,2096,,1225,826,1723,0.479,196,590,0.332,420,626,0.671,332,1049,500,259,101,403,543
63,Coastal Carolina,29,16,13,0.552,0.19,-2.17,8,8,11,6,4,5,2111,1893,,1170,761,1689,0.451,215,596,0.361,374,538,0.695,359,1157,388,192,107,380,421
64,Colgate,34,23,11,0.676,0.94,-6.84,16,2,15,1,8,10,2586,2282,,1365,942,1977,0.476,337,836,0.403,365,525,0.695,298,1230,584,212,125,385,494
65,College of Charleston,32,17,15,0.531,0.36,-1.40,8,10,9,6,7,8,2502,2446,,1290,895,2039,0.439,260,766,0.339,452,619,0.730,440,1291,422,255,88,500,658
66,Colorado State,29,25,4,0.862,12.54,4.72,14,4,14,1,6,3,2154,1909,,1170,776,1599,0.485,223,619,0.360,379,484,0.783,191,933,414,180,94,288,428
67,Colorado,31,21,10,0.677,10.57,6.08,12,8,12,5,6,4,2205,2066,,1250,768,1727,0.445,204,563,0.362,465,618,0.752,313,1165,405,169,99,422,484
68,Columbia,26,4,22,0.154,-17.28,-4.40,1,13,3,10,1,12,1752,2049,,1045,651,1530,0.425,198,556,0.356,252,402,0.627,264,918,313,154,53,396,434
69,Connecticut,31,23,8,0.742,17.39,6.94,13,6,14,2,5,5,2346,2022,,1265,836,1912,0.437,230,652,0.353,444,590,0.753,432,1268,436,187,204,373,525
70,Coppin State,30,8,22,0.267,-12.53,-4.56,6,8,3,6,4,16,2006,2245,,1200,671,1738,0.386,257,860,0.299,407,595,0.684,232,1036,330,239,91,440,509
71,Cornell,25,15,10,0.600,-3.35,-3.56,7,7,10,2,5,8,1986,1864,,1005,703,1509,0.466,243,701,0.347,337,475,0.709,250,949,437,201,72,363,472
72,Creighton,31,21,10,0.677,10.64,8.03,12,7,11,4,6,5,2145,2064,,1250,801,1772,0.452,209,669,0.312,334,460,0.726,298,1181,412,168,136,443,412
73,Dartmouth,25,9,16,0.360,-3.87,-2.37,6,8,5,5,4,11,1709,1705,,1015,608,1459,0.417,222,655,0.339,271,351,0.772,210,827,261,166,84,288,403
74,Davidson,30,25,5,0.833,10.06,1.40,15,3,13,1,9,3,2274,1981,,1205,806,1667,0.484,266,688,0.387,396,529,0.749,228,1026,440,146,78,300,439
75,Dayton,31,22,9,0.710,10.67,2.15,14,4,13,4,6,5,2142,1878,,1240,791,1660,0.477,211,566,0.373,349,512,0.682,294,1088,447,182,118,391,431
76,Delaware State,28,2,26,0.071,-22.32,-7.08,0,14,2,11,0,13,1757,2058,,1125,633,1567,0.404,169,520,0.325,322,479,0.672,278,987,271,203,112,489,504
77,Delaware,34,22,12,0.647,0.28,-2.54,10,8,9,5,8,5,2508,2376,,1370,887,1890,0.469,258,732,0.352,476,641,0.743,291,1114,431,225,127,430,532
78,Denver,32,11,21,0.344,-9.53,-5.36,7,11,6,7,4,12,2257,2380,,1295,816,1773,0.460,232,631,0.368,393,564,0.697,241,1032,394,167,107,414,557
79,DePaul,31,15,16,0.484,8.30,7.20,6,14,11,7,4,8,2272,2238,,1245,816,1883,0.433,204,644,0.317,436,629,0.693,367,1194,354,193,155,380,488
80,Detroit Mercy,29,14,15,0.483,-5.53,-4.74,10,7,9,1,5,14,2043,2020,,1160,721,1649,0.437,303,812,0.373,298,381,0.782,268,917,352,171,56,339,448
81,Dixie State,31,13,18,0.419,-8.12,-0.12,6,12,10,6,3,11,2247,2296,,1245,795,1866,0.426,219,698,0.314,438,645,0.679,333,1193,479,208,75,466,584
82,Drake,34,24,10,0.706,7.90,1.86,13,5,14,3,8,2,2498,2250,,1390,912,2008,0.454,235,696,0.338,439,583,0.753,344,1187,394,240,110,366,576
83,Drexel,29,15,14,0.517,-0.33,-1.93,10,8,8,4,6,7,2112,2038,,1170,796,1718,0.463,211,609,0.346,309,435,0.710,247,993,362,138,87,316,440
84,Duke,32,27,5,0.844,20.08,5.90,16,4,15,3,9,2,2579,2125,,1285,956,1957,0.489,269,716,0.376,398,545,0.730,347,1237,557,212,174,328,437
85,Duquesne,30,6,24,0.200,-6.13,2.07,1,16,3,11,1,10,1956,2202,,1220,742,1842,0.403,187,614,0.305,285,403,0.707,342,1024,300,199,131,344,416
86,East Carolina,30,15,15,0.500,0.72,2.89,6,11,12,4,2,7,2063,2128,,1210,700,1724,0.406,225,676,0.333,436,578,0.754,299,1056,442,203,92,389,487
87,East Tennessee State,32,15,17,0.469,-2.46,-0.06,7,11,8,6,4,10,2306,2336,,1285,853,1921,0.444,281,802,0.350,319,440,0.725,350,1115,420,216,89,360,475
88,Eastern Illinois,31,5,26,0.161,-20.53,-3.42,3,15,4,9,1,16,1746,2205,,1240,623,1567,0.398,185,568,0.326,315,494,0.638,220,912,367,196,93,496,451
89,Eastern Kentucky,31,13,18,0.419,-6.42,-5.05,5,11,12,5,1,13,2457,2327,,1265,887,2125,0.417,363,1029,0.353,320,453,0.706,386,1122,485,316,113,359,513
90,Eastern Michigan,31,10,21,0.323,-10.38,-2.55,5,15,8,7,2,14,2143,2356,,1270,782,1816,0.431,196,636,0.308,383,551,0.695,258,1079,314,181,99,429,542
91,Eastern Washington,33,18,15,0.545,-4.91,-5.14,11,9,9,3,8,10,2539,2453,,1330,879,1943,0.452,288,827,0.348,491,653,0.752,302,1216,523,182,92,434,610
92,Elon,32,10,22,0.313,-6.25,1.29,7,11,7,7,3,11,2147,2311,,1280,766,1800,0.426,273,798,0.342,342,464,0.737,284,1061,401,155,78,417,651
93,Evansville,30,6,24,0.200,-10.50,1.84,2,16,4,9,2,11,1775,2122,,1225,629,1581,0.398,245,743,0.330,272,384,0.708,144,816,316,178,61,336,440
94,Fairfield,33,15,18,0.455,-4.17,-4.39,8,12,6,9,8,8,2239,2177,,1335,820,1891,0.434,251,739,0.340,348,494,0.704,313,1141,394,179,101,364,526
95,Fairleigh Dickinson,26,4,22,0.154,-17.85,-5.93,4,11,3,6,1,16,1748,2058,,1050,632,1555,0.406,178,550,0.324,306,432,0.708,268,860,307,168,77,357,475
96,Florida A&M,30,13,17,0.433,-11.90,-6.47,11,7,8,4,5,12,1950,2064,,1210,732,1710,0.428,137,453,0.302,349,495,0.705,269,978,360,188,92,375,532
97,Florida Atlantic,33,19,14,0.576,3.17,-1.53,11,7,14,5,4,8,2448,2241,,1325,878,1933,0.454,291,833,0.349,401,564,0.711,360,1197,447,243,94,429,557
98,Florida Gulf Coast,32,21,11,0.656,-2.74,-4.71,10,6,15,3,6,8,2478,2342,,1310,883,1957,0.451,323,925,0.349,389,574,0.678,363,1247,506,214,160,430,469
99,Florida International,32,15,17,0.469,-6.21,-3.01,5,13,11,5,1,11,2264,2274,,1305,813,1892,0.430,308,880,0.350,330,470,0.702,307,1121,443,205,128,447,494
100,Florida State,31,17,14,0.548,6.33,7.27,10,10,11,4,4,8,2201,2230,,1250,799,1842,0.434,208,628,0.331,395,558,0.708,352,1081,445,264,151,387,506
101,Florida,32,19,13,0.594,12.82,8.14,9,9,12,5,4,6,2265,2115,,1290,774,1806,0.429,256,830,0.308,461,627,0.735,353,1072,411,259,166,394,512
102,Fordham,31,16,15,0.516,-0.56,-0.43,8,10,10,4,3,9,2059,2063,,1260,718,1813,0.396,233,771,0.302,390,536,0.728,316,1142,372,231,116,409,544
103,Fresno State,32,19,13,0.594,8.94,3.23,8,9,11,4,5,8,2069,1872,,1305,742,1690,0.439,211,647,0.326,374,516,0.725,284,1085,372,188,84,362,494
104,Furman,34,22,12,0.647,6.38,-1.26,12,6,12,3,8,8,2640,2336,,1390,945,2038,0.464,401,1054,0.380,349,461,0.757,316,1126,591,281,119,357,496
105,Gardner-Webb,31,18,13,0.581,-2.19,-4.26,11,5,11,3,6,9,2154,1989,,1240,784,1767,0.444,230,699,0.329,356,508,0.701,273,1143,409,225,147,416,567
106,George Mason,30,14,16,0.467,4.40,2.20,7,9,10,4,4,8,2122,2056,,1225,751,1685,0.446,280,783,0.358,340,490,0.694,248,1042,424,152,95,367,480
107,George Washington,30,12,18,0.400,-3.79,0.68,8,9,8,5,3,10,2051,2185,,1215,758,1769,0.428,214,634,0.338,321,460,0.698,249,998,368,207,125,379,512
108,Georgetown,31,6,25,0.194,2.15,8.47,0,19,6,11,0,11,2192,2388,,1240,770,1924,0.400,237,693,0.342,415,558,0.744,394,1155,366,222,119,414,502
109,Georgia Southern,29,13,16,0.448,-6.74,-2.74,5,11,7,5,4,10,1927,1903,,1170,714,1599,0.447,170,559,0.304,329,484,0.680,283,1006,347,216,100,415,509
110,Georgia State,28,18,10,0.643,-1.03,-2.11,9,5,8,4,6,5,1977,1813,,1135,699,1736,0.403,215,654,0.329,364,508,0.717,372,1043,379,250,125,332,441
111,Georgia Tech,32,12,20,0.375,2.04,5.88,5,15,8,10,3,8,2195,2264,,1300,823,1866,0.441,228,646,0.353,321,460,0.698,284,1088,438,249,82,419,576
112,Georgia,32,6,26,0.188,-0.26,8.43,1,17,6,13,0,10,2234,2512,,1280,763,1725,0.442,205,638,0.321,503,673,0.747,269,1046,444,167,69,462,481
113,Gonzaga,29,26,3,0.897,26.92,4.44,13,1,16,0,5,1,2547,1895,,1160,955,1811,0.527,243,642,0.379,394,540,0.730,272,1204,528,193,170,341,447
114,Grambling,31,12,19,0.387,-11.75,-4.89,8,9,6,4,4,14,2038,2200,,1240,730,1784,0.409,160,498,0.321,418,589,0.710,324,1112,346,200,103,442,577
115,Grand Canyon,30,23,7,0.767,6.36,-2.50,12,5,15,2,6,5,2134,1823,,1200,759,1761,0.431,245,690,0.355,371,547,0.678,375,1209,381,200,68,390,531
116,Green Bay,30,5,25,0.167,-13.53,-5.09,4,16,4,9,1,13,1852,2068,,1200,668,1593,0.419,156,553,0.282,360,504,0.714,268,901,322,149,83,387,462
117,Hampton,28,9,19,0.321,-13.39,-5.85,5,11,7,4,2,11,1814,1946,,1130,628,1572,0.399,161,549,0.293,397,567,0.700,234,965,292,145,113,352,515
118,Hartford,32,12,20,0.375,-9.75,-7.40,9,9,7,5,5,13,2234,2309,,1285,799,1778,0.449,297,804,0.369,339,491,0.690,248,1037,390,193,101,390,479
119,Harvard,26,13,13,0.500,-4.51,-4.03,5,9,9,6,4,7,1858,1797,,1055,676,1564,0.432,221,669,0.330,285,411,0.693,243,903,295,198,63,321,409
120,Hawaii,27,17,10,0.630,0.51,-2.61,12,5,10,4,5,5,1882,1738,,1080,652,1460,0.447,221,612,0.361,357,482,0.741,248,951,338,96,57,349,450
121,High Point,32,14,18,0.438,-6.41,-3.27,7,9,10,6,3,10,2225,2232,,1315,808,1829,0.442,208,621,0.335,401,627,0.640,322,1142,400,207,149,427,555
122,Hofstra,32,21,11,0.656,1.72,-0.68,13,5,12,2,8,8,2494,2333,,1290,928,2004,0.463,305,896,0.340,333,418,0.797,263,1062,495,255,87,330,478
123,Holy Cross,31,9,22,0.290,-16.66,-7.69,7,11,5,9,4,11,2022,2192,,1240,742,1793,0.414,181,527,0.343,357,504,0.708,310,1048,315,184,118,386,523
124,Houston Baptist,29,11,18,0.379,-14.12,-6.36,6,8,7,6,3,8,2190,2220,,1180,762,1711,0.445,200,621,0.322,466,655,0.711,331,1049,390,229,74,438,550
125,Houston,31,26,5,0.839,22.02,5.09,15,3,16,1,7,3,2352,1827,,1255,875,1872,0.467,250,732,0.342,352,531,0.663,415,1219,511,259,168,354,540
126,Howard,29,16,13,0.552,-6.42,-8.19,9,5,9,4,5,8,2215,2019,,1165,759,1728,0.439,245,683,0.359,452,607,0.745,295,998,418,243,104,428,524
127,Idaho State,30,7,23,0.233,-14.52,-4.84,5,15,5,8,2,14,1931,2146,,1205,673,1608,0.419,212,684,0.310,373,545,0.684,296,982,313,136,66,414,545
128,Idaho,31,9,22,0.290,-12.75,-4.34,6,14,8,7,1,12,2263,2468,,1250,780,1765,0.442,248,667,0.372,455,619,0.735,254,1060,370,110,69,422,607
129,Illinois-Chicago,30,14,16,0.467,-8.39,-5.98,9,10,6,6,8,8,2159,2188,,1215,798,1815,0.440,271,836,0.324,292,414,0.705,261,1002,441,173,119,360,515
130,Illinois State,33,13,20,0.394,-0.28,1.24,5,13,11,6,1,11,2447,2466,,1355,869,1926,0.451,259,705,0.367,450,604,0.745,321,1164,406,224,156,454,573
131,Illinois,30,22,8,0.733,18.05,9.58,15,5,13,3,7,4,2286,2032,,1210,807,1770,0.456,278,757,0.367,394,555,0.710,350,1160,462,155,88,369,494
132,Incarnate Word,32,7,25,0.219,-16.58,-3.89,3,11,5,10,1,11,2145,2445,,1280,737,1773,0.416,276,794,0.348,395,504,0.784,254,949,370,166,57,433,556
133,Indiana State,31,11,20,0.355,-3.00,2.43,4,14,8,6,2,11,2184,2230,,1265,776,1759,0.441,270,810,0.333,362,465,0.778,192,1055,406,186,60,408,472
134,Indiana,31,19,12,0.613,13.60,7.66,9,11,14,4,3,8,2217,2033,,1255,803,1754,0.458,194,567,0.342,417,601,0.694,280,1126,455,176,158,376,534
135,Iona,32,25,7,0.781,5.27,-1.70,17,3,13,0,7,4,2408,2185,,1290,843,1889,0.446,228,684,0.333,494,709,0.697,362,1183,516,207,197,402,581
136,Iowa State,32,20,12,0.625,12.49,9.03,7,11,14,5,4,6,2127,2016,,1290,784,1787,0.439,215,669,0.321,344,503,0.684,302,1024,471,269,98,442,577
137,Iowa,32,23,9,0.719,19.78,6.81,12,8,15,3,6,6,2693,2278,,1290,967,2081,0.465,296,801,0.370,463,623,0.743,386,1210,513,237,143,293,517
138,Purdue-Fort Wayne,32,21,11,0.656,-5.00,-6.86,15,6,14,2,6,7,2359,2211,,1300,842,1835,0.459,306,823,0.372,369,490,0.753,239,990,456,283,80,430,493
139,IUPUI,29,3,26,0.103,-23.27,-6.19,1,16,2,11,1,13,1521,1946,,1160,557,1467,0.380,149,511,0.292,258,387,0.667,300,913,303,166,74,481,513
140,Jackson State,30,11,19,0.367,-9.80,-5.30,9,9,6,3,5,15,1829,1964,,1205,694,1702,0.408,155,517,0.300,286,451,0.634,336,1054,325,183,117,395,512
141,Jacksonville State,31,21,10,0.677,0.18,-4.20,13,3,11,4,9,5,2292,2071,,1245,819,1735,0.472,289,744,0.388,365,536,0.681,297,1145,449,192,91,411,438
142,Jacksonville,31,21,10,0.677,-1.80,-4.95,11,5,15,0,6,10,2081,1839,,1245,768,1706,0.450,187,539,0.347,358,506,0.708,336,1128,387,203,60,352,467
143,James Madison,29,15,14,0.517,-4.19,-1.15,6,12,9,6,5,6,2178,2123,,1175,804,1737,0.463,215,623,0.345,355,509,0.697,269,970,388,247,61,360,476
144,Kansas State,31,14,17,0.452,10.85,9.30,6,12,9,7,5,7,2139,2091,,1250,748,1780,0.420,261,754,0.346,382,526,0.726,275,1030,386,227,51,356,530
145,Kansas,32,26,6,0.813,21.64,11.23,14,4,16,1,6,4,2523,2190,,1295,922,1914,0.482,232,644,0.360,447,621,0.720,364,1210,495,204,133,405,507
146,Kennesaw State,31,13,18,0.419,-4.21,-2.32,7,9,10,6,3,12,2319,2206,,1260,850,1836,0.463,258,706,0.365,361,545,0.662,332,1102,446,221,86,383,531
147,Kent State,31,22,9,0.710,0.85,-3.01,16,4,11,4,8,4,2222,1998,,1240,777,1767,0.440,234,715,0.327,434,580,0.748,323,1120,389,229,110,380,561
148,Kentucky,31,25,6,0.806,22.38,8.03,14,4,18,0,6,5,2483,2038,,1245,952,1947,0.489,194,546,0.355,385,528,0.729,401,1249,502,215,124,359,437
149,La Salle,30,11,19,0.367,-3.23,0.80,5,13,8,7,2,10,2025,2146,,1215,743,1796,0.414,229,717,0.319,310,451,0.687,325,1094,401,177,128,394,517
150,Lafayette,30,10,20,0.333,-12.37,-6.44,7,11,6,9,4,11,2034,2185,,1225,757,1750,0.433,263,802,0.328,257,376,0.684,241,958,485,188,101,331,432
151,Lamar,29,2,27,0.069,-15.39,-2.13,0,16,2,9,0,18,1778,2116,,1160,664,1654,0.401,152,508,0.299,298,433,0.688,320,1009,321,169,86,422,545
152,Lehigh,32,13,19,0.406,-10.61,-7.35,10,8,9,7,4,12,2190,2284,,1285,796,1782,0.447,260,681,0.382,338,456,0.741,222,1067,453,141,114,427,540
153,Liberty,33,22,11,0.667,2.23,-3.63,12,4,13,3,6,3,2421,2094,,1330,851,1801,0.473,341,892,0.382,378,500,0.756,234,1131,486,178,63,383,495
154,Lipscomb,33,14,19,0.424,-8.12,-2.99,6,10,9,6,3,13,2442,2536,,1320,850,1860,0.457,267,776,0.344,475,652,0.729,252,1186,502,146,89,425,444
155,Long Beach State,30,19,11,0.633,0.17,0.60,14,3,11,3,6,6,2227,2180,,1215,771,1761,0.438,195,552,0.353,490,677,0.724,298,1076,381,215,102,404,494
156,Long Island University,30,16,14,0.533,-7.36,-6.77,12,6,12,1,4,13,2245,2204,,1210,812,1897,0.428,238,758,0.314,383,563,0.680,353,1182,508,231,147,408,508
157,Longwood,32,26,6,0.813,0.22,-6.89,15,1,16,1,7,5,2443,2082,,1290,853,1880,0.454,262,690,0.380,475,656,0.724,385,1193,449,248,78,383,494
158,Louisiana,31,16,15,0.516,-2.35,-2.56,8,9,7,6,6,8,2203,2151,,1250,766,1791,0.428,228,659,0.346,443,630,0.703,369,1203,384,211,135,476,555
159,Louisiana-Monroe,31,13,18,0.419,-8.25,-2.14,5,13,8,7,5,10,2246,2304,,1255,839,1847,0.454,219,648,0.338,349,482,0.724,276,1004,466,223,85,395,521
160,Louisiana State,32,22,10,0.688,18.58,8.33,9,9,15,2,3,8,2346,2018,,1290,844,1908,0.442,212,659,0.322,446,615,0.725,393,1191,408,355,139,468,618
161,Louisiana Tech,32,23,9,0.719,5.34,-0.25,12,6,13,3,8,5,2443,2194,,1280,868,1883,0.461,272,780,0.349,435,600,0.725,288,1154,457,208,68,369,464
162,Louisville,32,13,19,0.406,4.05,6.83,6,14,8,8,2,10,2154,2243,,1290,795,1882,0.422,246,795,0.309,318,472,0.674,319,1167,382,196,77,391,549
163,Loyola (IL),32,25,7,0.781,14.34,3.11,13,5,12,2,8,3,2362,1975,,1300,840,1739,0.483,285,745,0.383,397,552,0.719,246,1088,480,220,78,390,549
164,Loyola Marymount,29,11,18,0.379,-1.49,3.69,3,12,6,7,3,9,2010,2148,,1170,718,1580,0.454,210,609,0.345,364,506,0.719,229,861,323,158,50,385,515
165,Loyola (MD),30,14,16,0.467,-8.27,-7.82,8,10,10,3,3,12,1984,1970,,1210,747,1689,0.442,207,649,0.319,283,414,0.684,246,963,448,235,80,391,460
166,Maine,29,6,23,0.207,-18.17,-5.13,3,15,5,9,1,14,1811,2063,,1160,685,1654,0.414,196,637,0.308,245,345,0.710,256,911,386,208,80,366,505
167,Manhattan,30,15,15,0.500,-7.86,-4.06,8,12,8,5,4,9,2126,2179,,1215,730,1659,0.440,169,550,0.307,497,676,0.735,304,999,346,215,100,434,540
168,Marist,30,14,16,0.467,-4.43,-5.03,9,11,7,6,7,9,2063,2045,,1215,763,1737,0.439,225,654,0.344,312,434,0.719,274,1054,269,175,101,371,467
169,Marquette,31,19,12,0.613,12.67,9.15,11,8,13,3,4,7,2306,2197,,1250,835,1842,0.453,267,769,0.347,369,494,0.747,238,1076,496,244,158,386,541
170,Marshall,33,12,21,0.364,-4.32,0.39,4,14,8,9,3,11,2442,2523,,1320,919,2107,0.436,250,830,0.301,354,502,0.705,356,1226,471,223,160,433,511
171,Maryland-Baltimore County,31,18,13,0.581,-5.05,-6.81,11,7,11,4,6,9,2316,2225,,1245,798,1778,0.449,289,760,0.380,431,549,0.785,229,1020,391,149,64,339,418
172,Maryland-Eastern Shore,26,11,15,0.423,-12.27,-7.09,6,8,6,4,5,10,1736,1726,,1050,615,1502,0.409,202,631,0.320,304,469,0.648,283,897,326,262,59,399,438
173,Maryland,32,15,17,0.469,9.75,9.53,7,13,10,8,3,7,2270,2263,,1290,790,1824,0.433,221,678,0.326,469,618,0.759,303,1126,372,204,102,366,485
174,Massachusetts-Lowell,31,15,16,0.484,-6.82,-6.39,7,11,8,6,6,9,2191,2040,,1250,831,1867,0.445,183,598,0.306,346,493,0.702,324,1113,362,227,129,386,495
175,Massachusetts,31,15,16,0.484,-0.63,1.73,7,11,10,5,3,8,2350,2423,,1255,796,1841,0.432,299,799,0.374,459,605,0.759,324,1046,428,202,82,365,525
176,McNeese State,33,11,22,0.333,-11.33,-4.61,4,10,6,5,2,13,2579,2555,,1350,933,2071,0.451,213,681,0.313,500,759,0.659,458,1336,418,257,116,536,662
177,Memphis,28,19,9,0.679,14.44,6.83,13,5,13,2,5,6,2130,1917,,1120,759,1604,0.473,185,510,0.363,427,619,0.690,345,1072,450,247,161,459,529
178,Mercer,33,16,17,0.485,-3.14,-0.88,8,10,10,4,4,11,2325,2328,,1330,828,1811,0.457,268,764,0.351,401,521,0.770,260,1087,473,203,98,408,502
179,Merrimack,30,14,16,0.467,-10.53,-6.50,9,8,7,7,7,9,1843,1931,,1210,673,1600,0.421,214,647,0.331,283,419,0.675,224,855,346,271,120,353,478
180,Miami (FL),32,23,9,0.719,10.08,6.05,14,6,10,5,10,2,2393,2264,,1285,879,1837,0.478,233,662,0.352,402,537,0.749,237,974,446,282,95,311,472
181,Miami (OH),32,14,18,0.438,-5.89,-3.68,8,12,9,8,5,9,2408,2351,,1290,870,1980,0.439,292,844,0.346,376,478,0.787,315,1107,440,177,101,332,512
182,Michigan State,32,21,11,0.656,13.66,9.81,11,9,12,3,5,6,2312,2189,,1280,829,1814,0.457,236,610,0.387,418,558,0.749,324,1189,510,188,162,434,536
183,Michigan,31,17,14,0.548,14.19,11.03,11,9,10,5,5,7,2264,2166,,1240,840,1794,0.468,197,580,0.340,387,519,0.746,310,1102,440,148,96,358,482
184,Middle Tennessee,32,23,9,0.719,4.00,-1.20,13,5,15,0,5,9,2358,2115,,1285,826,1846,0.447,263,799,0.329,443,584,0.759,332,1120,397,259,131,420,577
185,Milwaukee,32,10,22,0.313,-12.84,-5.97,8,14,6,10,4,10,2073,2264,,1280,762,1805,0.422,199,628,0.317,350,488,0.717,286,1149,366,157,119,423,541
186,Minnesota,30,13,17,0.433,6.49,8.69,4,16,8,7,3,9,2010,2076,,1210,744,1699,0.438,234,636,0.368,288,401,0.718,180,920,379,160,83,276,422
187,Mississippi State,32,18,14,0.563,12.63,7.63,8,10,14,3,1,9,2280,2120,,1295,818,1798,0.455,147,501,0.293,497,690,0.720,370,1174,431,263,113,420,502
188,Mississippi Valley State,28,2,26,0.071,-21.86,-6.11,2,16,0,11,2,15,1882,2323,,1145,665,1717,0.387,199,652,0.305,353,539,0.655,269,882,319,205,67,375,508
189,Mississippi,32,13,19,0.406,7.17,7.70,4,14,10,8,2,7,2180,2197,,1295,793,1824,0.435,222,680,0.326,372,523,0.711,296,1070,422,227,89,391,486
190,Kansas City,31,19,12,0.613,-4.85,-4.59,12,6,11,3,8,7,2311,2085,,1240,855,1788,0.478,225,615,0.366,376,556,0.676,209,967,410,230,86,325,625
191,Missouri State,33,23,10,0.697,9.15,1.15,13,5,12,4,8,4,2556,2253,,1330,928,1916,0.484,274,732,0.374,426,536,0.795,264,1164,405,176,109,351,511
192,Missouri,33,12,21,0.364,3.43,9.58,5,13,8,8,2,10,2160,2325,,1325,790,1854,0.426,171,609,0.281,409,556,0.736,361,1155,399,214,134,476,587
193,Monmouth,32,20,12,0.625,-0.49,-1.92,11,9,9,5,10,7,2207,2161,,1290,767,1814,0.423,203,613,0.331,470,651,0.722,333,1174,376,196,110,383,582
194,Montana State,32,25,7,0.781,0.07,-6.10,16,4,13,1,9,6,2461,2196,,1295,851,1797,0.474,245,670,0.366,514,683,0.753,281,1135,433,174,116,406,581
195,Montana,32,18,14,0.563,-6.04,-5.76,11,9,14,3,4,10,2310,2141,,1285,794,1752,0.453,224,641,0.349,498,634,0.785,200,980,420,176,91,328,599
196,Morehead State,34,23,11,0.676,1.32,-2.91,13,5,12,2,8,8,2379,2158,,1365,868,1904,0.456,283,786,0.360,360,540,0.667,351,1246,546,199,196,458,511
197,Morgan State,26,13,13,0.500,-12.24,-7.96,7,6,8,3,3,9,1972,1883,,1045,723,1641,0.441,164,515,0.318,362,535,0.677,309,960,389,221,85,406,509
198,Mount St. Mary's,30,14,16,0.467,-7.81,-6.81,9,7,8,5,6,11,1984,1958,,1210,750,1693,0.443,178,516,0.345,306,445,0.688,321,1050,398,171,121,388,472
199,Murray State,32,30,2,0.938,10.58,-3.42,18,0,15,0,11,1,2538,1993,,1280,929,1940,0.479,258,730,0.353,422,608,0.694,400,1254,471,253,100,365,479
200,Navy,32,21,11,0.656,-2.82,-6.24,12,6,9,6,11,5,2079,1924,,1290,770,1792,0.430,184,565,0.326,355,542,0.655,378,1194,392,226,107,412,511
201,Omaha,30,5,25,0.167,-16.38,-1.65,4,14,5,9,0,15,2088,2505,,1200,755,1751,0.431,212,597,0.355,366,501,0.731,262,984,328,144,77,410,577
202,Nebraska,32,10,22,0.313,3.56,8.81,4,16,7,12,3,8,2345,2513,,1305,832,1875,0.444,224,701,0.320,457,625,0.731,234,1059,408,230,87,402,556
203,Nevada-Las Vegas,32,18,14,0.563,7.83,5.22,10,8,14,4,4,7,2236,2099,,1280,782,1842,0.425,263,783,0.336,409,554,0.738,308,1156,442,196,90,358,571
204,Nevada,31,13,18,0.419,4.34,6.70,6,12,7,7,3,9,2249,2284,,1240,802,1786,0.449,216,648,0.333,429,573,0.749,257,1077,453,198,103,409,545
205,New Hampshire,28,15,13,0.536,-6.07,-6.95,10,8,10,4,5,9,1925,1819,,1120,706,1605,0.440,242,661,0.366,271,405,0.669,279,1004,340,130,80,254,376
206,New Mexico State,30,24,6,0.800,6.34,0.38,13,4,13,2,9,3,2205,1959,,1205,784,1707,0.459,236,724,0.326,401,580,0.691,329,1155,416,153,125,422,475
207,New Mexico,32,13,19,0.406,1.78,4.85,5,12,11,7,2,9,2376,2411,,1290,834,1920,0.434,249,724,0.344,459,612,0.750,277,1088,376,200,139,375,587
208,New Orleans,30,18,12,0.600,-6.64,-6.97,10,4,12,2,3,9,2331,2217,,1210,841,1776,0.474,124,399,0.311,525,721,0.728,276,1093,401,236,83,432,560
209,Niagara,30,14,16,0.467,-3.30,-3.20,9,11,7,4,5,10,2022,1965,,1215,737,1678,0.439,209,605,0.345,339,464,0.731,229,971,367,169,80,328,456
210,Nicholls State,31,21,10,0.677,-3.03,-6.10,11,3,11,1,7,7,2468,2213,,1250,971,2039,0.476,256,763,0.336,270,430,0.628,370,1194,422,257,123,386,568
211,NJIT,29,11,18,0.379,-14.41,-5.95,6,12,6,8,5,10,1826,2030,,1175,656,1603,0.409,186,569,0.327,328,498,0.659,240,995,293,176,106,372,458
212,Norfolk State,28,22,6,0.786,-3.45,-9.97,12,2,11,0,7,6,2109,1792,,1120,746,1608,0.464,197,573,0.344,420,609,0.690,288,1090,355,194,97,386,503
213,North Alabama,30,9,21,0.300,-10.91,-2.79,2,14,6,7,3,12,2081,2056,,1210,752,1903,0.395,248,786,0.316,329,437,0.753,328,1084,304,205,104,357,559
214,UNC Asheville,30,16,14,0.533,-5.06,-5.54,8,8,9,6,6,7,2246,2046,,1230,770,1693,0.455,244,683,0.357,462,636,0.726,278,1016,378,194,148,368,473
215,North Carolina A&T,32,12,20,0.375,-9.71,-4.26,6,10,7,4,3,13,2167,2250,,1290,806,1899,0.424,202,647,0.312,353,540,0.654,356,1135,392,249,103,406,611
216,North Carolina Central,30,16,14,0.533,-10.83,-6.98,8,5,9,2,5,11,2183,2041,,1215,783,1738,0.451,193,583,0.331,424,636,0.667,347,1079,374,267,65,474,611
217,UNC Greensboro,31,17,14,0.548,-2.05,-1.65,9,9,9,5,7,6,2015,2008,,1255,727,1686,0.431,224,658,0.340,337,465,0.725,336,1087,372,198,51,407,473
218,NC State,32,11,21,0.344,3.51,6.11,4,16,7,10,3,7,2336,2419,,1305,824,1997,0.413,267,784,0.341,421,581,0.725,377,1115,362,225,118,321,527
219,UNC Wilmington,32,23,9,0.719,-2.18,-3.38,15,3,12,2,9,5,2251,2176,,1300,789,1886,0.418,228,695,0.328,445,613,0.726,336,1074,338,245,137,336,566
220,North Carolina,32,24,8,0.750,13.61,7.24,15,5,15,2,8,3,2499,2295,,1290,890,1954,0.455,270,729,0.370,449,583,0.770,339,1275,475,175,125,374,459
221,North Dakota State,33,23,10,0.697,-0.98,-4.05,13,5,12,3,9,6,2469,2267,,1340,867,1878,0.462,251,701,0.358,484,636,0.761,275,1234,367,129,114,384,514
222,North Dakota,31,6,25,0.194,-15.98,-4.67,2,16,4,11,1,13,2178,2444,,1245,739,1826,0.405,278,806,0.345,422,575,0.734,310,1099,373,124,58,371,538
223,North Florida,31,11,20,0.355,-7.98,0.45,7,9,7,5,4,15,2124,2206,,1250,725,1743,0.416,296,873,0.339,378,520,0.727,282,1049,394,172,149,453,486
224,North Texas,29,24,5,0.828,9.76,1.05,16,2,12,2,9,1,1911,1607,,1160,661,1465,0.451,224,616,0.364,365,562,0.649,295,979,319,193,79,331,458
225,Northeastern,31,9,22,0.290,-6.03,-1.22,2,16,6,8,0,12,1993,2142,,1250,709,1624,0.437,210,657,0.320,365,497,0.734,250,992,352,146,85,433,472
226,Northern Arizona,32,9,23,0.281,-13.03,-3.63,5,15,5,11,3,11,2161,2347,,1290,770,1845,0.417,277,773,0.358,344,518,0.664,334,1175,403,144,80,431,586
227,Northern Colorado,33,19,14,0.576,-3.70,-3.50,13,7,9,4,8,9,2585,2523,,1335,917,1921,0.477,345,894,0.386,406,569,0.714,245,1128,421,137,95,401,567
228,Northern Illinois,30,9,21,0.300,-9.97,-2.54,6,14,3,8,6,11,1923,2146,,1205,690,1646,0.419,175,552,0.317,368,545,0.675,254,969,337,188,82,411,612
229,Northern Iowa,30,19,11,0.633,6.23,3.47,14,4,10,4,8,4,2232,2115,,1225,769,1677,0.459,251,718,0.350,443,561,0.790,207,981,348,170,43,335,415
230,Northern Kentucky,32,20,12,0.625,-2.83,-5.83,14,6,12,4,7,7,2237,2083,,1300,805,1877,0.429,280,811,0.345,347,486,0.714,398,1137,440,290,80,421,488
231,Northwestern State,32,9,23,0.281,-13.68,-2.81,5,9,6,6,2,14,2363,2573,,1280,895,2012,0.445,233,681,0.342,340,490,0.694,351,1146,481,203,112,446,542
232,Northwestern,31,15,16,0.484,9.51,7.71,7,13,10,6,3,8,2262,2168,,1260,824,1928,0.427,259,746,0.347,355,494,0.719,295,1100,490,201,108,303,545
233,Notre Dame,32,22,10,0.688,11.17,6.17,15,5,14,1,7,5,2320,2139,,1290,830,1795,0.462,293,771,0.380,367,484,0.758,229,1090,453,163,60,331,412
234,Oakland,32,20,12,0.625,-1.28,-3.78,12,7,10,3,7,8,2380,2194,,1285,824,1876,0.439,234,777,0.301,498,627,0.794,345,1104,428,289,77,392,437
235,Ohio State,30,19,11,0.633,14.44,9.11,12,8,13,3,5,6,2214,2054,,1210,777,1640,0.474,243,651,0.373,417,549,0.760,265,1031,383,133,143,329,491
236,Ohio,32,24,8,0.750,2.44,-4.11,14,6,15,2,8,6,2379,2156,,1280,828,1920,0.431,297,873,0.340,426,578,0.737,323,1101,418,245,84,338,461
237,Oklahoma State,30,15,15,0.500,13.37,10.67,8,10,10,6,3,8,2051,1970,,1230,754,1737,0.434,161,546,0.295,382,573,0.667,347,1113,380,256,163,453,522
238,Oklahoma,32,18,14,0.563,14.14,10.17,7,11,11,5,3,8,2205,2078,,1300,807,1688,0.478,238,697,0.341,353,473,0.746,237,1012,446,241,56,475,502
239,Old Dominion,32,13,19,0.406,-1.14,0.09,8,10,10,4,3,11,2127,2145,,1285,786,1810,0.434,141,480,0.294,414,616,0.672,365,1194,395,205,105,381,508
240,Oral Roberts,31,19,12,0.613,-0.20,-3.85,12,6,10,5,8,6,2582,2306,,1250,937,2052,0.457,360,948,0.380,348,477,0.730,332,1247,364,171,130,307,476
241,Oregon State,31,3,28,0.097,-0.90,8.94,1,19,3,13,0,12,2117,2422,,1260,795,1795,0.443,176,552,0.319,351,495,0.709,280,955,376,185,94,389,544
242,Oregon,33,19,14,0.576,10.56,8.31,11,9,12,5,5,5,2389,2293,,1330,882,1953,0.452,235,705,0.333,390,576,0.677,344,1155,401,227,107,392,549
243,Pacific,30,8,22,0.267,-7.46,0.97,3,11,7,7,0,13,1976,2182,,1205,710,1710,0.415,182,572,0.318,374,545,0.686,242,985,343,192,77,369,496
244,Penn State,30,14,16,0.467,9.14,9.27,7,13,10,5,1,10,1942,1946,,1215,716,1653,0.433,241,703,0.343,269,366,0.735,277,1066,357,157,65,358,461
245,Pennsylvania,27,12,15,0.444,-3.61,-0.28,9,5,6,3,5,10,1956,2046,,1090,725,1619,0.448,218,649,0.336,288,394,0.731,238,931,342,150,59,323,467
246,Pepperdine,32,7,25,0.219,-6.53,3.93,1,15,7,9,0,13,2183,2480,,1290,810,1937,0.418,232,682,0.340,331,461,0.718,316,1103,473,181,75,471,572
247,Pittsburgh,32,11,21,0.344,0.21,6.74,6,14,8,11,3,9,1969,2178,,1280,675,1630,0.414,172,548,0.314,447,642,0.696,317,1083,352,172,123,435,489
248,Portland State,30,14,16,0.467,-7.15,-5.29,10,10,7,7,5,9,2201,2151,,1210,795,1835,0.433,187,621,0.301,424,569,0.745,303,1014,345,275,101,374,586
249,Portland,32,18,14,0.563,-1.29,-0.32,7,7,10,4,6,8,2364,2304,,1285,803,1845,0.435,242,702,0.345,516,649,0.795,264,1167,447,160,78,419,526
250,Prairie View,27,8,19,0.296,-10.18,-3.37,8,8,5,4,3,13,1877,2061,,1095,648,1515,0.428,171,495,0.345,410,583,0.703,297,945,309,229,83,471,573
251,Presbyterian,32,12,20,0.375,-8.34,-3.51,4,12,7,7,3,12,2170,2174,,1325,794,1881,0.422,183,677,0.270,399,592,0.674,391,1140,403,253,87,434,610
252,Princeton,27,22,5,0.815,3.29,-4.47,12,2,13,1,8,3,2175,1874,,1095,822,1679,0.490,297,765,0.388,234,361,0.648,246,971,429,169,50,277,389
253,Providence,29,25,4,0.862,13.36,7.46,14,3,16,1,7,2,2096,1925,,1185,713,1611,0.443,216,615,0.351,454,624,0.728,299,1084,390,145,113,341,462
254,Purdue,31,25,6,0.806,20.28,8.31,14,6,16,1,5,5,2503,2132,,1255,884,1778,0.497,279,702,0.397,456,647,0.705,340,1186,528,145,109,361,446
255,Quinnipiac,30,14,16,0.467,-5.69,-4.69,7,13,8,7,4,9,2174,2152,,1205,772,1779,0.434,272,785,0.346,358,467,0.767,298,1059,434,192,62,387,499
256,Radford,29,11,18,0.379,-9.20,-3.87,7,9,8,4,3,12,1832,1955,,1175,666,1607,0.414,201,655,0.307,299,447,0.669,294,966,316,192,44,400,519
257,Rhode Island,31,15,16,0.484,3.11,1.41,5,12,10,5,3,9,2081,2015,,1240,769,1687,0.456,166,493,0.337,377,608,0.620,299,1124,417,229,186,442,532
258,Rice,32,16,16,0.500,-2.55,-0.98,7,11,10,5,4,8,2382,2356,,1300,840,1831,0.459,293,786,0.373,409,573,0.714,279,1133,500,165,55,399,445
259,Richmond,32,20,12,0.625,6.76,3.54,10,8,11,4,7,5,2303,2200,,1290,822,1845,0.446,266,791,0.336,393,550,0.715,246,1038,482,253,77,316,438
260,Rider,32,14,18,0.438,-6.14,-3.88,8,12,7,6,4,11,2169,2214,,1295,799,1945,0.411,176,555,0.317,395,537,0.736,355,1195,407,223,79,380,547
261,Robert Morris,32,8,24,0.250,-12.18,-5.15,5,16,4,10,4,14,2220,2390,,1290,823,1777,0.463,192,567,0.339,382,503,0.759,286,1043,405,192,122,456,496
262,Rutgers,30,18,12,0.600,9.29,6.79,12,8,14,3,4,9,2031,1956,,1210,761,1720,0.442,182,539,0.338,327,467,0.700,304,1069,449,217,120,351,467
263,Sacramento State,29,11,18,0.379,-11.62,-4.91,6,14,5,8,4,9,1898,2035,,1165,696,1615,0.431,196,546,0.359,310,457,0.678,225,903,319,173,82,321,498
264,Sacred Heart,30,10,20,0.333,-13.15,-8.53,6,10,6,7,4,13,2180,2254,,1210,807,1812,0.445,242,706,0.343,324,447,0.725,337,1086,436,164,66,416,469
265,Saint Francis (PA),30,9,21,0.300,-14.26,-7.60,5,13,4,8,5,13,2058,2205,,1215,764,1808,0.423,177,562,0.315,353,545,0.648,356,1099,389,197,83,378,442
266,Saint Joseph's,30,11,19,0.367,1.23,2.69,5,13,9,7,1,10,2028,2072,,1210,747,1774,0.421,268,797,0.336,266,407,0.654,292,1128,406,148,74,406,484
267,Saint Louis,32,22,10,0.688,11.06,3.23,12,6,14,4,5,6,2472,2156,,1295,886,1915,0.463,216,585,0.369,484,635,0.762,384,1243,478,214,102,411,580
268,Saint Mary's (CA),32,25,7,0.781,14.89,6.53,12,3,16,0,6,4,2232,1936,,1280,837,1806,0.463,229,654,0.350,329,432,0.762,275,1082,430,224,82,363,499
269,Saint Peter's,28,17,11,0.607,0.68,-2.88,14,6,9,4,7,7,1882,1747,,1125,665,1540,0.432,162,462,0.351,390,572,0.682,315,1017,348,204,136,394,547
270,Sam Houston State,33,19,14,0.576,0.59,-0.64,13,5,11,2,5,8,2272,2082,,1325,846,1984,0.426,287,837,0.343,293,484,0.605,345,1234,466,251,81,416,594
271,Samford,32,21,11,0.656,-2.66,-1.42,10,8,13,2,5,8,2390,2363,,1290,856,1921,0.446,281,836,0.336,397,544,0.730,340,1139,411,238,94,440,564
272,San Diego State,29,22,7,0.759,13.85,5.85,13,4,14,1,5,5,1909,1677,,1170,692,1592,0.435,175,493,0.355,350,502,0.697,278,1023,343,221,139,369,499
273,San Diego,31,15,16,0.484,-2.78,2.02,7,9,8,6,5,8,2041,2086,,1250,770,1797,0.428,170,508,0.335,331,463,0.715,297,1113,308,157,114,386,493
274,San Francisco,33,24,9,0.727,14.92,5.61,10,6,14,4,7,2,2543,2212,,1320,912,1996,0.457,318,899,0.354,401,576,0.696,352,1252,433,254,152,425,591
275,San Jose State,31,8,23,0.258,-6.37,4.43,1,17,7,9,1,13,1993,2242,,1245,734,1717,0.427,273,775,0.352,252,383,0.658,236,965,404,162,98,409,506
276,Santa Clara,32,21,11,0.656,9.76,3.83,10,5,14,4,5,5,2500,2310,,1285,932,1901,0.490,235,606,0.388,401,526,0.762,236,1128,486,194,118,369,479
277,Seattle,31,23,8,0.742,2.43,-3.91,14,4,17,2,6,6,2319,2054,,1245,806,1934,0.417,299,884,0.338,406,529,0.767,307,1159,427,219,113,352,628
278,Seton Hall,31,21,10,0.677,14.01,8.74,11,8,13,3,6,5,2260,2056,,1245,793,1873,0.423,228,671,0.340,446,589,0.757,379,1207,321,218,169,372,483
279,Siena,29,15,14,0.517,-6.66,-3.76,12,8,8,5,7,8,1922,2006,,1175,691,1621,0.426,196,551,0.356,344,469,0.733,240,955,291,180,116,364,464
280,South Alabama,30,19,11,0.633,1.16,-2.92,9,7,13,2,4,8,2141,1895,,1205,778,1699,0.458,201,598,0.336,384,546,0.703,290,1035,345,206,146,378,499
281,South Carolina State,31,15,16,0.484,-12.71,-8.07,7,7,8,5,5,8,2227,2249,,1255,797,2030,0.393,197,657,0.300,436,693,0.629,472,1296,379,206,111,458,614
282,South Carolina Upstate,30,14,16,0.467,-9.51,-4.19,10,6,6,7,7,8,2128,2184,,1210,762,1702,0.448,238,659,0.361,366,491,0.745,222,976,409,188,104,383,575
283,South Carolina,31,18,13,0.581,7.55,8.78,9,9,12,4,4,7,2200,2178,,1245,811,1913,0.424,211,666,0.317,367,547,0.671,401,1187,435,243,157,472,602
284,South Dakota State,34,30,4,0.882,7.31,-3.66,18,0,14,0,10,3,2948,2495,,1365,1056,2012,0.525,319,710,0.449,517,681,0.759,253,1209,516,206,85,375,525
285,South Dakota,31,19,12,0.613,-3.79,-4.96,11,7,11,4,6,7,2329,2198,,1250,829,1779,0.466,221,591,0.374,450,600,0.750,272,1065,370,137,71,309,547
286,South Florida,31,8,23,0.258,-2.68,4.78,3,15,6,10,2,9,1781,2012,,1240,670,1790,0.374,138,547,0.252,303,455,0.666,350,1115,339,193,116,389,529
287,Southeast Missouri State,32,14,18,0.438,-6.69,-4.19,8,9,8,5,5,10,2418,2473,,1285,818,1871,0.437,281,816,0.344,501,684,0.732,290,1066,446,207,85,420,649
288,Southeastern Louisiana,31,18,13,0.581,-9.02,-5.43,10,4,10,1,5,10,2472,2435,,1245,844,1821,0.463,278,775,0.359,506,673,0.752,286,1016,474,246,114,441,501
289,Southern California,32,26,6,0.813,13.28,6.09,14,6,13,3,9,3,2336,2106,,1290,865,1899,0.456,214,606,0.353,392,588,0.667,384,1294,462,166,148,388,500
290,SIU Edwardsville,32,11,21,0.344,-9.88,-4.22,5,13,8,5,3,13,2161,2238,,1295,772,1848,0.418,188,646,0.291,429,621,0.691,410,1196,394,228,122,482,584
291,Southern Illinois,31,16,15,0.516,3.35,1.25,9,9,11,4,4,8,1985,1902,,1240,713,1600,0.446,239,675,0.354,320,464,0.690,218,943,372,170,65,354,473
292,Southern Methodist,29,22,7,0.759,11.55,4.48,13,4,16,0,6,5,2159,1954,,1165,734,1645,0.446,254,695,0.365,437,587,0.744,279,1099,407,177,123,366,440
293,Southern Mississippi,33,7,26,0.212,-13.34,-0.14,1,17,3,11,1,14,2126,2471,,1330,801,1866,0.429,177,565,0.313,347,504,0.688,271,1107,406,165,91,439,529
294,Southern Utah,31,20,11,0.645,-1.84,-5.01,14,6,11,3,7,7,2430,2257,,1260,854,1866,0.458,256,753,0.340,466,653,0.714,321,1173,360,195,81,390,538
295,Southern,31,17,14,0.548,-4.85,-6.64,11,6,9,2,8,11,2229,2103,,1245,791,1796,0.440,213,604,0.353,434,624,0.696,296,976,415,325,80,449,634
296,St. Bonaventure,28,20,8,0.714,7.90,3.90,12,5,13,2,4,4,1978,1866,,1125,739,1630,0.453,163,508,0.321,337,447,0.754,259,964,384,179,134,298,376
297,St. Francis (NY),30,10,20,0.333,-13.21,-7.66,7,11,3,9,7,9,2017,2116,,1210,746,1823,0.409,210,668,0.314,315,443,0.711,338,1058,357,200,78,371,497
298,St. John's (NY),32,17,15,0.531,12.22,6.78,8,11,12,7,4,7,2547,2373,,1290,969,2137,0.453,232,692,0.335,377,557,0.677,383,1213,600,283,175,381,572
299,St. Thomas (MN),30,10,20,0.333,-10.57,-5.02,4,14,5,8,3,12,2241,2260,,1200,800,1815,0.441,334,935,0.357,307,405,0.758,186,887,377,155,38,243,511
300,Stanford,32,16,16,0.500,6.90,9.22,8,12,10,5,3,9,2124,2198,,1285,770,1780,0.433,233,688,0.339,351,533,0.659,368,1181,419,178,83,479,556
301,Stephen F. Austin,31,22,9,0.710,3.50,-1.13,14,4,13,3,7,4,2317,2110,,1245,850,1790,0.475,185,554,0.334,432,637,0.678,360,1100,470,280,129,510,612
302,Stetson,30,11,19,0.367,-10.06,-3.79,5,11,7,8,4,11,2090,2144,,1220,765,1779,0.430,255,729,0.350,305,442,0.690,316,1068,430,211,88,389,445
303,Stony Brook,31,18,13,0.581,-6.51,-5.31,10,8,13,4,5,9,2261,2267,,1245,815,1860,0.438,254,749,0.339,377,501,0.752,299,1078,346,208,90,328,443
304,Syracuse,33,16,17,0.485,10.08,7.77,9,11,11,5,3,8,2553,2477,,1345,915,2029,0.451,300,795,0.377,423,574,0.737,350,1198,481,231,124,354,470
305,Tarleton State,31,14,17,0.452,-2.70,-0.02,9,9,10,5,4,12,2002,2025,,1245,705,1683,0.419,156,511,0.305,436,578,0.754,292,946,349,237,68,378,562
306,Temple,28,17,11,0.607,5.12,4.48,10,7,11,3,5,6,1876,1858,,1130,630,1577,0.399,187,602,0.311,429,635,0.676,337,1086,330,184,133,350,518
307,Tennessee-Martin,30,8,22,0.267,-10.71,-2.60,4,14,5,8,2,13,2067,2206,,1200,762,1837,0.415,205,685,0.299,338,483,0.700,350,1106,353,198,131,400,543
308,Tennessee State,32,14,18,0.438,-8.87,-6.84,8,10,8,5,5,11,2282,2246,,1285,825,1852,0.445,211,603,0.350,421,589,0.715,332,1120,393,216,107,444,610
309,Tennessee Tech,32,11,21,0.344,-6.91,-2.68,7,10,7,7,3,12,2328,2357,,1290,897,1998,0.449,224,655,0.342,310,469,0.661,371,1187,512,232,119,424,464
310,Tennessee,30,23,7,0.767,20.39,10.09,14,4,16,0,6,5,2209,1900,,1210,780,1819,0.429,263,744,0.353,386,538,0.717,365,1117,481,285,139,378,509
311,Texas A&M-Corpus Christi,32,21,11,0.656,-6.78,-9.14,7,7,9,4,7,6,2471,2249,,1285,865,1944,0.445,203,608,0.334,538,726,0.741,415,1221,477,280,57,456,654
312,Texas A&M,32,21,11,0.656,11.64,6.80,9,9,13,4,5,5,2349,2149,,1300,833,1875,0.444,220,664,0.331,463,669,0.692,394,1120,449,335,115,427,577
313,UT Arlington,29,11,18,0.379,-5.00,-0.44,7,10,8,4,3,13,1948,1993,,1200,711,1696,0.419,184,587,0.313,342,488,0.701,335,1067,405,227,123,406,520
314,TCU,31,20,11,0.645,13.13,9.51,8,10,12,4,4,6,2117,2005,,1245,786,1786,0.440,172,571,0.301,373,552,0.676,402,1202,422,198,130,447,478
315,UTEP,32,19,13,0.594,0.30,-0.06,11,7,11,5,7,6,2203,2129,,1290,784,1825,0.430,243,690,0.352,392,516,0.760,258,1019,382,241,114,378,591
316,Texas-Rio Grande Valley,31,8,23,0.258,-9.73,-0.83,3,15,4,9,3,12,2212,2438,,1240,759,1722,0.441,196,644,0.304,498,717,0.695,271,1070,379,162,99,477,620
317,UTSA,32,10,22,0.313,-10.17,-1.20,3,15,8,10,1,11,2153,2313,,1285,795,2010,0.396,200,680,0.294,363,532,0.682,406,1226,366,183,81,406,525
318,Texas Southern,28,16,12,0.571,-4.15,-6.58,13,5,7,2,8,10,1917,1849,,1125,699,1617,0.432,159,510,0.312,360,541,0.665,343,1096,295,158,137,418,498
319,Texas State,28,21,7,0.750,0.36,-2.93,12,3,12,1,7,5,1980,1767,,1120,716,1542,0.464,179,470,0.381,369,486,0.759,281,936,344,184,102,349,473
320,Texas Tech,32,24,8,0.750,20.43,8.08,12,6,18,0,3,7,2317,1922,,1295,833,1770,0.471,192,610,0.315,459,653,0.703,347,1182,435,267,111,442,514
321,Texas,32,21,11,0.656,17.31,8.59,10,8,16,3,4,7,2187,1908,,1290,778,1761,0.442,205,634,0.323,426,569,0.749,333,1074,417,247,109,377,557
322,Toledo,32,26,6,0.813,7.59,-3.38,17,3,13,1,9,5,2600,2190,,1280,969,1999,0.485,227,626,0.363,435,568,0.766,338,1290,500,177,90,333,486
323,Towson,33,25,8,0.758,6.56,-2.62,15,3,12,2,11,4,2414,2111,,1325,847,1877,0.451,257,715,0.359,463,642,0.721,387,1207,445,236,89,392,570
324,Troy,31,20,11,0.645,-2.96,-3.35,10,6,10,3,8,6,2144,2018,,1250,747,1762,0.424,232,710,0.327,418,580,0.721,351,1156,427,244,67,470,542
325,Tulane,27,13,14,0.481,6.90,4.97,10,8,9,4,3,8,1986,1934,,1095,685,1561,0.439,223,606,0.368,393,519,0.757,186,862,354,215,85,278,440
326,Tulsa,30,11,19,0.367,2.42,4.19,4,14,8,8,1,10,2031,2084,,1200,724,1654,0.438,205,597,0.343,378,517,0.731,263,967,351,210,64,385,479
327,UCLA,30,24,6,0.800,20.46,8.20,15,5,14,1,8,4,2299,1931,,1225,842,1870,0.450,209,592,0.353,406,554,0.733,352,1123,427,212,100,277,483
328,Utah State,33,18,15,0.545,11.33,4.92,8,10,9,6,4,7,2425,2190,,1340,892,1861,0.479,256,747,0.343,385,531,0.725,272,1162,589,206,70,412,542
329,Utah Valley,32,20,12,0.625,2.81,-1.16,10,8,11,2,6,9,2279,2084,,1305,798,1758,0.454,204,551,0.370,479,671,0.714,349,1295,475,175,143,495,539
330,Utah,31,11,20,0.355,5.97,7.13,4,16,7,9,2,9,2161,2197,,1250,753,1799,0.419,237,708,0.335,418,540,0.774,326,1125,418,142,90,380,511
331,Valparaiso,32,14,18,0.438,-1.09,1.34,6,12,8,8,3,8,2264,2257,,1320,836,1820,0.459,230,692,0.332,362,477,0.759,174,1034,400,204,95,354,431
332,Vanderbilt,32,17,15,0.531,11.16,8.00,7,11,9,8,5,7,2252,2151,,1285,745,1756,0.424,275,811,0.339,487,704,0.692,303,1095,374,241,105,432,584
333,Vermont,32,27,5,0.844,7.16,-6.10,17,1,15,0,10,4,2391,1947,,1285,873,1781,0.490,282,776,0.363,363,484,0.750,235,1120,485,164,82,313,440
334,Villanova,31,24,7,0.774,19.66,9.79,16,4,12,1,8,5,2280,1974,,1245,770,1747,0.441,289,793,0.364,451,546,0.826,321,1084,375,196,71,315,482
335,Virginia Commonwealth,29,21,8,0.724,10.34,4.99,14,4,11,4,9,2,1918,1763,,1165,713,1558,0.458,158,462,0.342,334,481,0.694,246,947,408,272,146,441,535
336,VMI,31,16,15,0.516,-1.72,-1.83,9,9,9,4,6,9,2451,2282,,1255,854,1852,0.461,389,1016,0.383,354,451,0.785,255,1126,501,148,86,352,460
337,Virginia Tech,33,21,12,0.636,13.35,5.23,11,9,11,4,7,6,2322,2054,,1325,853,1813,0.470,296,760,0.389,320,433,0.739,281,1056,472,176,109,362,483
338,Virginia,32,19,13,0.594,8.43,6.06,12,8,10,6,6,6,2002,1926,,1280,748,1667,0.449,160,497,0.322,346,468,0.739,279,1007,448,187,145,315,441
339,Wagner,27,21,6,0.778,-0.78,-8.67,13,3,12,1,9,5,2010,1747,,1100,747,1613,0.463,138,484,0.285,378,521,0.726,318,1006,393,226,76,338,535
340,Wake Forest,32,23,9,0.719,13.41,4.16,13,7,16,2,5,5,2543,2247,,1300,914,1873,0.488,276,787,0.351,439,599,0.733,282,1176,484,204,124,434,506
341,Washington State,33,19,14,0.576,12.53,5.99,11,9,12,7,6,5,2373,2157,,1325,815,1989,0.410,299,880,0.340,444,594,0.747,409,1207,370,210,147,376,582
342,Washington,32,17,15,0.531,5.60,7.29,11,9,11,6,3,7,2260,2314,,1295,796,1929,0.413,198,634,0.312,470,670,0.701,352,1069,326,265,132,381,532
343,Weber State,32,21,11,0.656,-1.30,-5.00,13,7,9,6,8,5,2447,2250,,1285,855,1793,0.477,230,679,0.339,507,676,0.750,208,1030,344,246,80,372,491
344,West Virginia,33,16,17,0.485,10.37,10.89,4,14,12,5,1,10,2259,2276,,1320,779,1885,0.413,208,635,0.328,493,681,0.724,355,1065,346,257,150,410,575
345,Western Carolina,32,11,21,0.344,-10.21,-1.63,5,13,8,5,2,14,2261,2472,,1295,787,1960,0.402,320,1002,0.319,367,545,0.673,367,1201,412,156,76,397,544
346,Western Illinois,31,16,15,0.516,-5.08,-5.11,7,11,9,6,7,8,2439,2390,,1260,870,1986,0.438,273,813,0.336,426,601,0.709,353,1182,356,194,80,357,545
347,Western Kentucky,32,19,13,0.594,3.57,0.51,11,7,13,4,5,6,2414,2214,,1280,881,1885,0.467,246,695,0.354,406,569,0.714,271,1132,445,271,190,388,362
348,Western Michigan,31,8,23,0.258,-13.07,-1.85,4,16,4,10,2,13,2027,2329,,1255,730,1736,0.421,262,788,0.332,305,436,0.700,283,1026,319,165,72,425,522
349,Wichita State,28,15,13,0.536,8.49,6.38,6,9,11,6,3,5,1917,1858,,1135,658,1634,0.403,211,677,0.312,390,518,0.753,333,1038,336,211,128,360,446
350,William & Mary,32,5,27,0.156,-13.98,-1.95,4,14,4,10,1,14,2044,2380,,1295,724,1799,0.402,216,702,0.308,380,539,0.705,312,1129,367,211,95,519,537
351,Winthrop,32,23,9,0.719,-1.50,-3.57,14,2,13,0,7,7,2407,2246,,1295,842,1733,0.486,276,743,0.371,447,639,0.700,264,1097,428,207,83,467,572
352,Wisconsin,30,24,6,0.800,14.15,9.65,15,5,12,4,9,2,2129,1994,,1200,753,1762,0.427,198,633,0.313,425,568,0.748,278,1049,330,160,85,258,504
353,Wofford,32,19,13,0.594,2.25,-1.32,10,8,11,4,7,8,2322,2120,,1285,818,1758,0.465,303,852,0.356,383,505,0.758,271,997,425,221,47,372,486
354,Wright State,34,21,13,0.618,-2.12,-5.67,15,7,12,3,7,7,2566,2416,,1360,934,2010,0.465,215,654,0.329,483,629,0.768,357,1186,474,196,100,418,489
355,Wyoming,32,25,7,0.781,10.29,3.68,13,5,14,1,8,5,2347,2093,,1300,810,1765,0.459,262,760,0.345,465,638,0.729,265,1149,363,124,65,351,481
356,Xavier,31,18,13,0.581,13.43,8.72,8,11,13,5,4,6,2292,2146,,1260,813,1822,0.446,211,650,0.325,455,649,0.701,322,1155,450,226,135,359,479
357,Yale,28,17,11,0.607,-0.03,-1.92,11,3,10,3,6,6,2037,1940,,1125,722,1631,0.443,193,592,0.326,400,539,0.742,255,1007,338,178,88,364,497
358,Youngstown State,32,18,14,0.563,-6.13,-7.17,12,9,12,7,6,7,2329,2229,,1285,833,1852,0.450,245,706,0.347,418,556,0.752,330,1113,382,171,82,370,553