Rk,School,Conf,,AP Rank,W,L,Pts,Opp,MOV,,SOS,,OSRS,DSRS,SRS,ORtg,DRtg,NRtg
1,Gonzaga,WCC,,1,26,3,87.8,65.3,22.48,,4.45,,20.48,6.46,26.94,122.74,86.00,36.74
2,Arizona,Pac-12,,2,28,3,84.7,66.7,17.97,,6.56,,18.19,6.34,24.53,119.92,86.45,33.48
3,Baylor,Big 12,,3,26,5,76.8,63.4,13.45,,9.05,,12.09,10.41,22.50,119.21,86.80,32.41
4,Kentucky,SEC,,5,25,6,80.1,65.7,14.35,,8.07,,13.84,8.58,22.42,121.79,90.18,31.61
5,Houston,AAC,,18,26,5,75.9,58.9,16.94,,5.21,,8.61,13.54,22.14,118.37,85.40,32.97
6,Kansas,Big 12,,6,25,6,78.6,68.6,9.97,,11.34,,15.87,5.44,21.30,121.36,91.13,30.23
7,Auburn,SEC,,4,27,4,79.3,67.0,12.23,,8.78,,13.35,7.66,21.01,115.02,85.57,29.45
8,UCLA,Pac-12,,13,23,6,76.7,64.3,12.34,,8.13,,10.40,10.08,20.48,117.00,87.45,29.55
9,Tennessee,SEC,,9,23,7,73.6,63.3,10.30,,10.13,,8.47,11.96,20.43,113.85,84.13,29.72
10,Purdue,Big Ten,,9,25,6,80.7,68.8,11.97,,8.38,,14.42,5.94,20.35,123.70,94.16,29.54
11,Duke,ACC,,7,26,5,80.4,66.0,14.35,,5.84,,12.88,7.32,20.20,120.08,90.83,29.25
12,Villanova,Big East,,8,23,7,73.8,63.6,10.17,,9.79,,7.61,12.35,19.96,120.67,90.59,30.08
13,Texas Tech,Big 12,,14,23,8,72.4,60.7,11.74,,8.01,,6.77,12.99,19.75,112.87,83.97,28.90
14,Iowa,Big Ten,,24,22,9,83.3,71.0,12.23,,6.82,,16.51,2.53,19.04,121.44,94.72,26.73
15,Louisiana State,SEC,,,21,10,73.2,62.9,10.32,,8.52,,6.47,12.37,18.85,109.44,82.97,26.48
16,Illinois,Big Ten,,16,22,8,76.2,67.7,8.47,,9.69,,10.50,7.66,18.16,117.11,90.61,26.50
17,Texas,Big 12,,22,21,10,68.6,59.5,9.16,,8.48,,2.98,14.66,17.64,113.15,86.19,26.96
18,Connecticut,Big East,,20,22,8,76.1,65.7,10.47,,6.81,,9.20,8.07,17.27,115.70,91.29,24.40
19,Arkansas,SEC,,15,24,7,77.3,68.2,9.13,,7.78,,11.09,5.81,16.90,111.95,88.09,23.86
20,Alabama,SEC,,,19,12,80.1,76.2,3.87,,12.13,,15.47,0.53,16.01,117.98,95.17,22.80
21,San Francisco,WCC,,,24,9,77.1,67.0,10.03,,5.63,,8.13,6.81,14.95,111.71,90.62,21.09
22,Saint Mary's (CA),WCC,,17,25,7,69.8,60.5,9.25,,6.59,,1.37,13.58,14.94,110.35,88.22,22.13
23,Ohio State,Big Ten,,,19,10,74.0,68.4,5.62,,9.18,,8.82,5.98,14.80,118.29,96.36,21.94
24,Memphis,AAC,,,19,9,76.1,68.5,7.61,,6.93,,9.71,4.82,14.53,111.25,90.76,20.50
25,Michigan,Big Ten,,,17,13,73.2,69.7,3.43,,11.04,,7.53,6.95,14.47,115.77,95.06,20.70
26,Loyola (IL),MVC,,,25,7,73.8,61.7,12.09,,3.15,,4.72,9.66,14.38,112.88,90.95,21.93
27,Seton Hall,Big East,,,21,9,73.6,66.5,7.13,,8.53,,6.12,8.21,14.32,110.40,90.07,20.33
28,Wisconsin,Big Ten,,12,24,6,71.0,66.5,4.50,,9.75,,5.56,8.69,14.25,111.85,90.91,20.93
29,Oklahoma,Big 12,,,17,14,68.8,64.9,3.94,,9.88,,4.36,9.46,13.82,111.56,91.71,19.85
30,San Diego State,MWC,,,21,7,66.3,58.3,8.04,,5.76,,-0.14,13.94,13.80,103.93,83.53,20.40
31,Michigan State,Big Ten,,,20,11,72.1,68.3,3.84,,9.93,,7.01,6.76,13.77,111.76,92.20,19.56
32,Providence,Big East,,11,24,4,72.5,66.6,5.96,,7.65,,6.66,6.95,13.62,112.60,92.97,19.63
33,Wake Forest,ACC,,,23,9,79.5,70.2,9.25,,4.27,,10.71,2.81,13.52,112.54,93.68,18.86
34,Indiana,Big Ten,,,18,12,71.4,65.5,5.97,,7.53,,4.80,8.70,13.50,108.68,88.92,19.76
35,Xavier,Big East,,,18,13,73.9,69.2,4.71,,8.79,,8.76,4.74,13.50,112.13,93.09,19.04
36,Southern California,Pac-12,,21,25,6,73.3,66.0,7.29,,6.18,,6.46,7.01,13.47,112.05,92.86,19.20
37,Oklahoma State,Big 12,,,15,15,68.4,65.7,2.70,,10.74,,4.04,9.40,13.44,105.30,85.91,19.39
38,Virginia Tech,ACC,,,20,12,69.8,61.7,8.16,,5.13,,2.65,10.64,13.29,113.86,93.70,20.16
39,North Carolina,ACC,,25,23,8,78.6,72.6,5.94,,7.28,,12.16,1.06,13.22,114.81,95.36,19.45
40,Iowa State,Big 12,,,20,11,67.3,62.7,4.58,,8.62,,1.83,11.37,13.20,106.73,87.14,19.59
41,Marquette,Big East,,,19,11,74.8,70.8,4.00,,9.17,,9.84,3.33,13.17,110.59,91.70,18.88
42,Florida,SEC,,,19,12,70.5,65.5,4.94,,8.06,,4.72,8.27,12.99,111.94,93.50,18.44
43,TCU,Big 12,,,19,11,68.4,64.8,3.57,,9.31,,3.19,9.69,12.88,109.66,90.74,18.92
44,Boise State,MWC,,,24,7,69.2,60.8,8.39,,5.21,,2.42,10.42,12.84,109.76,90.72,19.04
45,Washington State,Pac-12,,,19,13,72.1,65.1,7.06,,5.57,,4.32,8.31,12.63,109.78,91.52,18.26
46,Colorado State,MWC,,23,24,4,75.0,66.4,8.68,,4.46,,7.56,4.94,12.50,116.31,97.66,18.65
47,Mississippi State,SEC,,,17,14,71.2,66.7,4.45,,7.69,,4.90,7.25,12.14,111.74,93.55,18.19
48,St. John's (NY),Big East,,,17,14,80.1,74.4,5.65,,6.41,,13.39,-1.33,12.06,111.40,94.72,16.69
49,Southern Methodist,AAC,,,22,7,74.4,67.4,7.07,,4.52,,6.92,4.67,11.59,110.56,93.83,16.73
50,Texas A&M,SEC,,,20,11,73.1,66.7,6.35,,6.63,,4.70,6.84,11.53,109.03,92.21,16.82
51,Notre Dame,ACC,,,22,9,72.3,66.2,6.06,,5.98,,4.82,6.56,11.38,112.53,95.36,17.17
52,Utah State,MWC,,,18,14,74.2,66.8,7.41,,4.65,,6.68,4.65,11.33,111.72,95.09,16.64
53,UAB,CUSA,,,24,7,80.0,65.1,14.90,,-0.98,,8.05,3.07,11.12,111.40,95.58,15.82
54,Oregon,Pac-12,,,19,13,72.5,69.2,3.34,,8.28,,6.93,4.03,10.96,111.59,96.11,15.48
55,Kansas State,Big 12,,,14,17,69.0,67.5,1.55,,9.40,,4.43,6.52,10.95,109.83,93.71,16.12
56,Saint Louis,A-10,,,21,10,77.5,67.9,9.55,,3.51,,7.44,3.51,10.95,111.20,95.13,16.08
57,Vanderbilt,SEC,,,16,15,70.0,66.9,3.06,,7.83,,3.70,7.20,10.90,107.47,91.67,15.80
58,West Virginia,Big 12,,,16,16,68.6,68.4,0.22,,10.59,,4.94,5.87,10.81,109.30,93.44,15.86
59,Dayton,A-10,,,22,9,69.1,60.6,8.52,,2.21,,0.21,10.51,10.72,110.41,93.45,16.97
60,Murray State,OVC,,19,30,2,79.3,62.3,17.03,,-3.40,,3.89,6.72,10.61,110.36,94.13,16.22
61,Northwestern,Big Ten,,,15,15,72.9,68.5,4.33,,7.35,,5.19,5.27,10.46,107.65,92.65,15.01
62,Virginia Commonwealth,A-10,,,21,8,66.1,60.8,5.34,,5.07,,-0.71,11.13,10.41,100.15,85.23,14.92
63,Creighton,Big East,,,20,10,69.0,66.7,2.33,,7.98,,2.39,7.92,10.31,105.70,91.24,14.46
64,Miami (FL),ACC,,,22,9,74.9,70.8,4.10,,6.21,,8.61,1.70,10.31,114.73,99.68,15.06
65,Colorado,Pac-12,,,20,10,70.8,66.6,4.27,,6.00,,3.81,6.46,10.27,107.55,93.09,14.46
66,Wyoming,MWC,,,24,7,73.8,65.7,8.10,,3.54,,5.11,5.16,10.27,111.17,95.57,15.59
67,Brigham Young,WCC,,,22,10,73.7,67.9,5.81,,5.66,,5.92,4.34,10.26,109.77,94.09,15.69
68,Davidson,A-10,,,25,5,75.8,66.0,9.77,,1.47,,6.09,4.04,10.13,116.61,101.08,15.53
69,Syracuse,ACC,,,16,16,77.3,74.7,2.66,,7.47,,11.00,-0.87,10.12,115.11,100.67,14.44
70,Maryland,Big Ten,,,15,16,70.9,70.5,0.35,,9.50,,5.25,4.61,9.85,110.70,96.38,14.32
71,Santa Clara,WCC,,,21,11,78.1,72.2,5.94,,3.86,,11.46,-1.66,9.80,112.82,98.90,13.92
72,North Texas,CUSA,,,23,5,65.8,55.6,10.21,,1.27,,-5.85,15.46,9.61,106.91,91.00,15.91
73,Clemson,ACC,,,17,16,71.7,68.5,3.27,,6.27,,5.07,4.48,9.55,111.58,97.40,14.18
74,Rutgers,Big Ten,,,18,12,67.7,65.2,2.50,,6.87,,0.79,8.58,9.37,106.70,92.78,13.91
75,Missouri State,MVC,,,23,10,77.5,68.3,9.18,,1.19,,6.71,2.48,9.19,113.03,99.24,13.78
76,Fresno State,MWC,,,19,12,65.3,58.7,6.58,,2.90,,-3.26,12.29,9.03,106.43,92.06,14.37
77,Wichita State,AAC,,,15,12,68.5,66.1,2.41,,6.58,,2.59,6.40,8.98,105.04,91.77,13.27
78,Virginia,ACC,,,19,12,63.2,60.1,3.10,,5.86,,-4.40,13.36,8.96,108.96,95.06,13.91
79,Penn State,Big Ten,,,13,16,64.5,64.8,-0.24,,9.19,,-1.95,10.90,8.95,107.38,94.22,13.16
80,DePaul,Big East,,,15,16,73.3,72.2,1.10,,7.25,,6.18,2.17,8.35,108.53,97.54,10.99
81,Arizona State,Pac-12,,,14,17,65.4,67.2,-1.84,,10.11,,0.82,7.45,8.27,101.89,90.13,11.76
82,Toledo,MAC (West),,,25,6,81.5,68.4,13.19,,-3.05,,8.06,0.19,8.26,110.99,99.21,11.79
83,South Carolina,SEC,,,18,12,71.6,70.2,1.47,,8.66,,3.85,4.29,8.14,103.24,91.57,11.67
84,St. Bonaventure,A-10,,,20,8,70.6,66.6,4.00,,3.97,,3.04,4.93,7.97,109.23,97.06,12.16
85,Drake,MVC,,,24,10,73.5,66.2,7.29,,1.91,,4.21,3.73,7.94,109.55,97.32,12.23
86,Nevada-Las Vegas,MWC,,,18,13,70.3,65.8,4.52,,5.09,,3.04,4.84,7.89,108.92,96.89,12.03
87,Cincinnati,AAC,,,17,14,69.7,65.9,3.77,,4.19,,2.16,5.47,7.63,105.39,94.42,10.97
88,South Dakota State,Summit,,,30,4,86.7,73.4,13.32,,-3.62,,11.47,-4.12,7.35,114.82,104.27,10.55
89,Vermont,AEC,,,27,5,74.7,60.8,13.88,,-6.03,,2.63,4.60,7.23,110.79,99.10,11.69
90,Belmont,OVC,,,25,7,78.5,68.2,10.31,,-2.49,,6.42,0.80,7.22,108.70,98.49,10.21
91,Mississippi,SEC,,,13,19,68.1,68.7,-0.53,,7.74,,1.64,5.58,7.21,107.40,97.34,10.06
92,Central Florida,AAC,,,17,11,70.2,68.0,2.21,,4.85,,3.78,3.29,7.06,107.90,97.13,10.77
93,Tulane,AAC,,,13,14,73.6,71.6,1.93,,5.10,,6.02,1.00,7.02,109.77,99.06,10.71
94,Richmond,A-10,,,19,12,72.2,69.1,3.16,,3.62,,4.04,2.74,6.78,109.83,99.11,10.73
95,Towson,CAA,,,25,8,73.2,64.0,9.18,,-2.55,,1.75,4.88,6.63,108.92,98.65,10.27
96,Stanford,Pac-12,,,16,15,65.9,68.2,-2.26,,8.84,,0.79,5.79,6.58,105.63,96.43,9.20
97,Minnesota,Big Ten,,,13,17,67.0,69.2,-2.20,,8.73,,1.73,4.80,6.53,107.84,98.69,9.16
98,Florida State,ACC,,,17,14,71.0,71.9,-0.94,,7.36,,3.28,3.14,6.43,105.87,96.48,9.39
99,New Mexico State,WAC,,,24,6,73.5,65.3,8.20,,0.46,,2.11,4.32,6.43,106.60,97.19,9.40
100,Grand Canyon,WAC,,,22,7,71.1,60.6,10.55,,-2.58,,-0.96,7.38,6.42,103.82,93.86,9.96
101,Bradley,MVC,,,17,14,70.5,65.2,5.29,,1.81,,0.72,5.69,6.41,104.20,93.93,10.27
102,Furman,Southern,,,22,12,77.6,68.7,8.94,,-1.24,,5.25,1.15,6.40,112.77,102.71,10.06
103,Northern Iowa,MVC,,,19,11,74.4,70.5,3.90,,3.51,,5.84,0.43,6.27,109.90,100.32,9.58
104,Chattanooga,Southern,,,27,7,74.8,64.7,10.12,,-1.19,,1.00,5.12,6.12,108.32,98.09,10.23
105,Utah,Pac-12,,,11,20,69.7,70.9,-1.16,,7.17,,3.79,2.22,6.01,107.98,99.10,8.88
106,Washington,Pac-12,,,17,14,70.9,72.5,-1.61,,7.15,,4.38,1.17,5.54,104.59,96.49,8.10
107,Louisiana Tech,CUSA,,,22,9,76.9,68.9,7.97,,-0.30,,4.69,0.72,5.41,107.69,99.67,8.02
108,Iona,MAAC,,,25,7,75.3,68.3,6.97,,-1.64,,4.78,0.56,5.33,106.00,98.28,7.72
109,Temple,AAC,,,17,11,67.0,66.4,0.64,,4.55,,0.02,5.18,5.19,102.77,95.29,7.48
110,George Mason,A-10,,,14,15,71.5,69.0,2.45,,2.32,,1.85,2.93,4.77,106.83,99.38,7.45
111,Butler,Big East,,,14,18,63.9,67.0,-3.06,,9.49,,-2.63,7.39,4.76,103.12,96.82,6.30
112,California,Pac-12,,,12,20,63.1,66.1,-3.00,,7.66,,-2.97,7.64,4.66,102.11,95.55,6.56
113,Nevada,MWC,,,13,17,72.7,73.8,-1.10,,6.52,,5.14,-1.00,4.14,106.06,99.54,6.52
114,Louisville,ACC,,,13,19,67.3,70.1,-2.78,,6.91,,0.73,3.40,4.13,103.40,97.57,5.82
115,Stephen F. Austin,WAC,,,22,8,75.2,67.8,7.37,,-1.30,,2.00,2.05,4.05,102.31,96.64,5.67
116,Middle Tennessee,CUSA,,,22,9,73.9,66.3,7.61,,-1.16,,1.83,2.14,3.98,104.72,98.06,6.66
117,Boston College,ACC,,,13,19,66.9,68.0,-1.16,,4.90,,-0.22,3.96,3.74,104.79,98.73,6.06
118,Nebraska,Big Ten,,,10,22,73.3,78.5,-5.25,,8.92,,7.58,-3.91,3.67,106.55,100.37,6.18
119,Western Kentucky,CUSA,,,19,12,76.0,69.5,6.52,,0.43,,4.31,-0.64,3.67,106.60,100.59,6.01
120,NC State,ACC,,,11,21,73.0,75.6,-2.59,,6.17,,5.55,-1.97,3.58,109.18,103.33,5.85
121,Florida Atlantic,CUSA,,,19,13,74.4,67.5,6.91,,-1.91,,2.67,0.76,3.43,106.84,101.18,5.66
122,Princeton,Ivy,,,22,5,80.6,69.4,11.15,,-4.39,,5.86,-2.49,3.37,110.51,104.93,5.59
123,Southern Illinois,MVC,,,16,15,64.0,61.4,2.68,,1.25,,-5.78,9.13,3.35,102.60,97.18,5.42
124,Missouri,SEC,,,12,20,65.4,70.3,-4.91,,9.34,,-0.89,4.14,3.25,103.71,98.71,5.00
125,Rhode Island,A-10,,,15,15,67.4,65.0,2.37,,1.26,,-2.35,5.54,3.19,100.16,95.14,5.02
126,Utah Valley,WAC,,,20,12,71.2,65.1,6.09,,-1.11,,-1.09,3.94,2.85,101.99,97.78,4.21
127,Abilene Christian,WAC,,,21,9,77.1,66.2,10.87,,-2.65,,3.32,-0.74,2.58,102.14,98.78,3.36
128,Buffalo,MAC (East),,,19,10,80.3,72.3,8.00,,-2.80,,6.92,-4.35,2.57,106.45,102.94,3.50
129,UC Irvine,Big West,,,15,9,66.1,59.5,6.58,,-0.48,,-5.47,8.03,2.56,98.51,94.57,3.94
130,Ohio,MAC (East),,,23,8,74.3,67.4,6.87,,-3.92,,0.66,1.85,2.51,103.83,99.83,4.00
131,Seattle,WAC,,,23,8,74.8,66.3,8.55,,-3.87,,1.12,1.35,2.48,99.59,96.05,3.54
132,Liberty,A-Sun,,,22,11,73.4,63.5,9.91,,-3.55,,-0.28,2.59,2.32,105.56,101.00,4.56
133,Wofford,Southern,,,19,13,72.6,66.3,6.31,,-1.25,,-1.27,3.58,2.31,106.72,102.44,4.27
134,Georgetown,Big East,,,6,25,70.7,77.0,-6.32,,8.56,,4.98,-2.74,2.24,106.20,102.74,3.46
135,Georgia Tech,ACC,,,12,20,68.6,70.8,-2.16,,5.95,,0.29,1.82,2.11,100.78,97.59,3.20
136,Tulsa,AAC,,,10,19,67.5,69.6,-2.03,,4.14,,0.28,1.82,2.10,104.01,100.82,3.19
137,Hofstra,CAA,,,21,11,77.9,72.9,5.03,,-0.61,,5.52,-3.73,1.79,107.92,104.94,2.98
138,New Mexico,MWC,,,13,19,74.3,75.3,-1.09,,4.84,,7.21,-5.43,1.78,106.08,103.24,2.83
139,UC Santa Barbara,Big West,,,16,10,74.0,65.6,8.42,,-4.25,,0.79,0.97,1.75,104.49,101.29,3.20
140,Saint Joseph's,A-10,,,11,19,67.6,69.1,-1.47,,2.81,,-0.20,1.54,1.34,100.36,98.02,2.33
141,Morehead State,OVC,,,23,11,70.0,63.5,6.50,,-2.90,,-2.84,4.16,1.33,102.13,99.28,2.84
142,South Alabama,Sun Belt,,,19,11,71.4,63.2,8.20,,-2.85,,-0.94,2.16,1.23,102.63,100.36,2.27
143,Colgate,Patriot,,,23,11,76.1,67.1,8.94,,-6.77,,2.24,-1.22,1.02,106.34,104.16,2.17
144,East Carolina,AAC,,,15,14,69.0,70.8,-1.86,,2.77,,1.32,-0.41,0.91,102.26,100.69,1.57
145,Kent State,MAC (East),,,21,9,71.2,64.1,7.13,,-2.80,,-3.54,4.38,0.84,99.83,98.26,1.57
146,Saint Peter's,MAAC,,,17,11,67.2,62.4,4.82,,-2.81,,-4.80,5.55,0.74,97.58,95.52,2.06
147,Sam Houston State,WAC,,,19,13,68.9,62.8,6.09,,-0.85,,-4.36,4.96,0.60,99.95,98.08,1.88
148,Hawaii,Big West,,,16,10,69.8,64.3,5.50,,-2.66,,-2.51,3.06,0.55,102.74,101.56,1.17
149,UTEP,CUSA,,,19,12,69.2,66.5,2.61,,-0.17,,-2.14,2.59,0.45,100.74,99.50,1.24
150,College of Charleston,CAA,,,17,15,78.2,76.4,1.75,,-1.34,,7.29,-6.88,0.41,102.56,101.57,0.99
151,Texas State,Sun Belt,,,21,7,70.7,63.1,7.61,,-2.88,,-2.83,3.23,0.40,105.47,104.29,1.17
152,Delaware,CAA,,,22,12,73.8,69.9,3.88,,-2.47,,1.71,-1.36,0.35,105.92,104.69,1.23
153,Pittsburgh,ACC,,,11,21,61.5,68.1,-6.53,,6.82,,-5.08,5.37,0.28,100.33,100.45,-0.12
154,Coastal Carolina,Sun Belt,,,16,13,72.8,65.3,7.52,,-2.09,,-1.36,1.62,0.27,101.09,100.56,0.53
155,Jacksonville State,A-Sun,,,21,10,73.9,66.8,7.13,,-4.12,,-1.21,1.47,0.26,104.55,103.00,1.55
156,Longwood,Big South,,,26,6,76.3,65.1,11.28,,-6.88,,0.31,-0.09,0.23,105.26,103.78,1.48
157,Cal State Long Beach,Big West,,,18,11,74.3,73.1,1.24,,0.96,,4.56,-4.45,0.11,102.68,102.29,0.39
158,Yale,Ivy,,,17,11,72.8,69.3,3.46,,-1.83,,0.37,-0.32,0.06,99.89,99.26,0.64
159,Georgia,SEC,,,6,26,69.8,78.5,-8.69,,8.53,,4.72,-4.88,-0.16,107.67,107.45,0.22
160,Oral Roberts,Summit,,,19,12,83.3,74.4,8.90,,-3.84,,7.49,-7.68,-0.20,107.40,107.79,-0.39
161,Illinois State,MVC,,,13,20,74.2,74.7,-0.58,,1.29,,4.59,-4.81,-0.22,105.16,104.93,0.23
162,Montana State,Big Sky,,,24,7,76.7,68.9,7.84,,-5.86,,0.03,-0.26,-0.24,100.99,100.91,0.08
163,Akron,MAC (East),,,21,9,71.1,62.9,8.20,,-4.88,,-4.36,4.09,-0.27,103.84,103.57,0.27
164,Drexel,CAA,,,15,14,72.8,70.3,2.55,,-1.88,,-0.48,0.21,-0.27,103.40,103.09,0.31
165,UC Riverside,Big West,,,16,11,66.6,63.6,3.04,,-1.35,,-3.35,3.04,-0.31,99.01,99.11,-0.10
166,Cal State Fullerton,Big West,,,18,10,70.5,67.1,3.43,,-2.47,,-0.77,0.34,-0.43,103.30,103.51,-0.21
167,Monmouth,MAAC,,,19,12,69.2,67.8,1.39,,-1.81,,-1.51,1.08,-0.43,100.53,101.00,-0.47
168,Wagner,NEC,,,21,6,74.4,64.7,9.74,,-8.60,,-1.16,0.44,-0.72,100.68,101.37,-0.69
169,Fordham,A-10,,,15,15,66.8,67.1,-0.30,,-0.50,,-4.23,3.43,-0.80,94.43,94.76,-0.33
170,Oregon State,Pac-12,,,3,28,68.3,78.1,-9.84,,9.03,,2.78,-3.59,-0.81,105.90,107.73,-1.84
171,Appalachian State,Sun Belt,,,19,14,66.9,62.6,4.27,,-1.03,,-5.24,4.42,-0.83,99.50,100.20,-0.70
172,Massachusetts,A-10,,,14,16,75.0,77.8,-2.80,,1.96,,7.60,-8.44,-0.84,109.71,110.63,-0.93
173,North Dakota State,Summit,,,23,10,74.8,68.7,6.12,,-4.03,,-1.40,0.43,-0.96,101.09,102.42,-1.33
174,Georgia State,Sun Belt,,,18,10,70.6,64.8,5.86,,-2.08,,-1.45,0.45,-1.00,99.92,100.53,-0.61
175,Valparaiso,MVC,,,14,18,70.8,70.5,0.22,,1.40,,-0.49,-0.55,-1.03,103.12,104.37,-1.25
176,Old Dominion,CUSA,,,13,19,66.5,67.0,-0.56,,0.18,,-4.75,3.71,-1.04,99.83,101.03,-1.19
177,Oakland,Horizon,,,20,12,74.4,68.6,5.81,,-3.67,,-0.27,-0.90,-1.17,101.74,103.51,-1.77
178,Southern Utah,Big Sky,,,20,10,78.8,72.7,6.17,,-4.91,,3.42,-4.62,-1.20,103.46,104.80,-1.33
179,Charlotte,CUSA,,,17,14,70.0,71.2,-1.19,,-0.06,,-0.52,-0.73,-1.25,105.16,107.07,-1.91
180,Portland,WCC,,,18,14,73.9,72.0,1.88,,-0.30,,1.05,-2.31,-1.26,101.70,102.91,-1.21
181,Loyola Marymount,WCC,,,11,18,69.3,74.1,-4.76,,3.71,,0.57,-2.04,-1.47,105.76,108.09,-2.34
182,Weber State,Big Sky,,,20,11,76.7,70.8,5.97,,-4.90,,2.33,-3.82,-1.49,102.68,104.69,-2.01
183,Winthrop,Big South,,,23,9,75.2,70.2,5.03,,-3.56,,2.66,-4.14,-1.49,104.85,106.40,-1.56
184,VMI,Southern,,,16,15,79.1,73.6,5.45,,-1.79,,5.68,-7.36,-1.68,108.23,109.97,-1.74
185,Jacksonville,A-Sun,,,21,10,67.1,59.3,7.81,,-4.87,,-9.11,7.39,-1.73,98.43,100.00,-1.57
186,Cleveland State,Horizon,,,20,10,75.6,69.9,5.73,,-5.95,,2.35,-4.15,-1.81,102.85,105.53,-2.69
187,UNC Greensboro,Southern,,,17,14,65.0,64.8,0.23,,-1.61,,-7.55,5.55,-2.01,97.99,100.48,-2.48
188,Wright State,Horizon,,,21,13,75.5,71.1,4.41,,-5.61,,2.14,-4.20,-2.07,103.79,106.52,-2.73
189,UNC Wilmington,CAA,,,23,9,70.3,68.0,2.34,,-3.31,,-2.27,0.17,-2.11,101.08,103.53,-2.45
190,Gardner-Webb,Big South,,,18,13,69.5,64.2,5.32,,-4.24,,-5.32,3.15,-2.17,96.14,98.20,-2.07
191,Rice,CUSA,,,16,15,75.2,73.8,1.42,,-1.30,,3.53,-5.83,-2.30,104.36,107.98,-3.62
192,Louisiana,Sun Belt,,,16,15,71.1,69.4,1.68,,-2.52,,-0.12,-2.19,-2.31,98.99,101.84,-2.85
193,East Tennessee State,Southern,,,15,17,72.1,73.0,-0.94,,-0.02,,0.01,-2.43,-2.42,105.66,108.56,-2.90
194,UC Davis,Big West,,,13,10,68.4,66.1,2.30,,-3.93,,-3.47,1.01,-2.46,97.28,100.35,-3.08
195,Samford,Southern,,,21,11,74.7,73.8,0.84,,-1.39,,1.79,-4.42,-2.63,102.86,105.80,-2.94
196,Florida Gulf Coast,A-Sun,,,21,11,77.4,73.2,4.25,,-4.63,,4.48,-7.15,-2.67,103.88,107.54,-3.65
197,Tarleton State,WAC,,,14,17,64.6,65.3,-0.74,,0.00,,-6.62,3.94,-2.68,99.15,102.57,-3.43
198,Navy,Patriot,,,21,11,65.0,60.1,4.84,,-6.14,,-8.19,5.47,-2.72,93.59,96.61,-3.02
199,San Diego,WCC,,,15,16,65.8,67.3,-1.45,,2.04,,-5.20,2.45,-2.75,96.64,100.74,-4.10
200,Northern Kentucky,Horizon,,,20,12,69.9,65.1,4.81,,-5.79,,-4.58,1.79,-2.79,100.22,103.83,-3.62
201,Arkansas State,Sun Belt,,,18,11,70.9,68.1,2.79,,-3.08,,-2.16,-0.69,-2.85,98.76,101.86,-3.10
202,South Florida,AAC,,,8,22,57.4,65.1,-7.63,,4.78,,-9.67,6.82,-2.85,91.78,96.25,-4.47
203,Troy,Sun Belt,,,20,11,69.2,65.1,4.06,,-3.31,,-3.91,0.99,-2.92,97.05,100.48,-3.44
204,Indiana State,MVC,,,11,20,70.5,71.9,-1.48,,2.47,,-0.08,-2.88,-2.96,98.43,101.96,-3.53
205,Nicholls State,Southland,,,21,10,79.6,71.4,8.23,,-6.04,,1.44,-4.41,-2.97,100.05,103.70,-3.66
206,La Salle,A-10,,,11,18,68.1,71.6,-3.48,,0.50,,-1.86,-1.13,-2.99,98.93,102.57,-3.64
207,California Baptist,WAC,,,18,15,71.0,67.3,3.76,,-3.03,,-2.10,-0.93,-3.03,98.93,102.99,-4.06
208,Mercer,Southern,,,16,17,70.5,70.5,-0.09,,-0.84,,-2.13,-0.97,-3.10,103.74,107.58,-3.84
209,Brown,Ivy,,,13,16,71.0,69.5,1.48,,-1.77,,-2.71,-0.46,-3.18,98.30,102.56,-4.26
210,Niagara,MAAC,,,14,15,67.7,65.7,2.07,,-3.22,,-5.28,2.06,-3.22,99.13,103.69,-4.55
211,Bellarmine,A-Sun,,,20,13,70.1,67.2,2.94,,-0.77,,-3.43,0.18,-3.25,106.84,110.83,-4.00
212,Cornell,Ivy,,,15,10,79.4,74.6,4.88,,-3.52,,4.35,-7.65,-3.30,102.12,106.39,-4.27
213,Norfolk State,MEAC,,,22,6,75.3,64.0,11.32,,-9.90,,-2.60,-0.78,-3.38,99.34,103.14,-3.80
214,George Washington,A-10,,,12,17,67.7,71.9,-4.24,,0.77,,-1.20,-2.28,-3.47,97.89,102.39,-4.50
215,Pennsylvania,Ivy,,,12,15,72.4,75.8,-3.33,,-0.19,,1.88,-5.41,-3.52,103.47,107.92,-4.45
216,Northern Colorado,Big Sky,,,18,14,78.7,76.8,1.91,,-3.38,,5.68,-9.30,-3.62,106.99,111.88,-4.88
217,South Dakota,Summit,,,19,12,75.1,70.9,4.23,,-4.93,,-1.20,-2.55,-3.75,102.99,108.16,-5.17
218,Dartmouth,Ivy,,,9,16,68.4,68.2,0.16,,-2.33,,-6.23,2.40,-3.83,96.76,102.15,-5.40
219,James Madison,CAA,,,15,14,75.1,73.2,1.90,,-1.06,,1.75,-5.84,-4.09,102.27,107.68,-5.41
220,Texas Southern,SWAC,,,16,12,68.5,66.0,2.43,,-6.52,,-4.66,0.57,-4.09,95.04,100.43,-5.39
221,Fairfield,MAAC,,,15,18,67.8,66.0,1.88,,-4.32,,-5.40,1.30,-4.10,98.69,103.96,-5.28
222,Kennesaw State,A-Sun,,,13,18,74.8,71.2,3.65,,-2.25,,-0.02,-4.11,-4.14,103.14,108.40,-5.26
223,Bryant,NEC,,,22,9,77.9,72.7,5.16,,-7.29,,4.14,-8.36,-4.22,100.33,105.98,-5.65
224,Marshall,CUSA,,,12,21,74.0,76.5,-2.45,,0.48,,3.38,-7.61,-4.23,99.94,105.42,-5.47
225,Boston University,Patriot,,,21,12,71.3,67.4,3.88,,-7.59,,-1.34,-3.00,-4.34,103.74,109.15,-5.41
226,Marist,MAAC,,,14,16,68.8,68.2,0.60,,-4.96,,-3.33,-1.03,-4.36,98.81,104.84,-6.03
227,Harvard,Ivy,,,13,13,71.5,69.1,2.35,,-3.97,,-3.38,-1.07,-4.45,96.54,102.50,-5.95
228,Southern,SWAC,,,17,13,72.4,68.1,4.27,,-6.43,,-2.35,-2.14,-4.50,95.68,101.44,-5.75
229,Campbell,Big South,,,16,13,66.2,62.0,4.17,,-5.57,,-7.43,2.79,-4.64,99.21,105.06,-5.85
230,Kansas City,Summit,,,19,12,74.5,67.3,7.29,,-4.61,,-3.71,-1.16,-4.87,97.89,104.46,-6.57
231,Eastern Washington,Big Sky,,,18,14,77.3,74.5,2.72,,-5.16,,2.41,-7.30,-4.89,101.57,108.32,-6.74
232,Purdue-Fort Wayne,Horizon,,,21,11,73.7,69.1,4.63,,-6.81,,-2.06,-2.88,-4.95,97.45,104.44,-7.00
233,Maryland-Baltimore County,AEC,,,18,13,74.7,71.8,2.94,,-6.76,,1.48,-6.46,-4.99,102.71,109.81,-7.10
234,UT Arlington,Sun Belt,,,11,18,67.2,68.7,-1.55,,-0.46,,-4.51,-0.51,-5.02,95.32,102.06,-6.74
235,Air Force,MWC,,,11,18,59.0,66.0,-7.00,,1.95,,-9.30,4.25,-5.05,95.96,104.21,-8.25
236,UNC Asheville,Big South,,,16,14,74.9,68.2,6.67,,-5.53,,-1.77,-3.28,-5.05,98.77,105.52,-6.74
237,Western Illinois,Summit,,,16,15,78.7,77.1,1.58,,-5.13,,2.40,-7.49,-5.09,99.40,106.48,-7.08
238,Detroit Mercy,Horizon,,,14,15,70.4,69.7,0.79,,-4.71,,-2.49,-3.01,-5.50,103.41,111.63,-8.22
239,Miami (OH),MAC (East),,,14,17,75.3,73.1,2.16,,-3.78,,0.90,-6.61,-5.71,102.59,110.73,-8.15
240,Montana,Big Sky,,,18,13,72.7,66.9,5.84,,-5.90,,-4.61,-1.15,-5.76,97.64,105.98,-8.34
241,Quinnipiac,MAAC,,,13,16,72.3,71.8,0.55,,-4.54,,0.43,-6.23,-5.79,100.99,108.64,-7.64
242,New Hampshire,AEC,,,15,13,68.8,65.0,3.79,,-6.87,,-6.57,0.59,-5.98,101.23,109.85,-8.61
243,Northeastern,CAA,,,9,22,64.3,69.1,-4.81,,-1.17,,-7.21,1.24,-5.98,96.48,104.75,-8.27
244,Rider,MAAC,,,14,18,67.8,69.2,-1.41,,-3.79,,-4.67,-1.38,-6.05,96.07,103.93,-7.86
245,Duquesne,A-10,,,6,24,65.2,73.4,-8.20,,2.12,,-3.20,-2.89,-6.09,98.25,106.93,-8.68
246,Youngstown State,Horizon,,,18,14,72.8,69.7,3.13,,-7.13,,-1.59,-4.50,-6.10,101.49,110.34,-8.86
247,Florida International,CUSA,,,15,17,70.8,71.1,-0.31,,-2.93,,-3.79,-2.34,-6.13,96.66,105.05,-8.39
248,Elon,CAA,,,10,22,67.1,72.2,-5.13,,1.35,,-4.92,-1.26,-6.18,97.96,106.42,-8.46
249,High Point,Big South,,,14,18,69.5,69.8,-0.22,,-3.18,,-3.45,-2.87,-6.32,97.13,105.71,-8.58
250,Eastern Kentucky,A-Sun,,,13,18,79.3,75.1,4.19,,-4.96,,2.98,-9.31,-6.33,100.08,108.65,-8.58
251,Howard,MEAC,,,16,13,76.4,69.6,6.76,,-8.11,,0.22,-6.56,-6.35,98.77,107.10,-8.33
252,San Jose State,MWC,,,8,23,64.3,72.3,-8.03,,4.43,,-4.59,-1.78,-6.37,98.36,108.07,-9.70
253,Siena,MAAC,,,15,13,66.1,68.9,-2.79,,-3.63,,-5.52,-0.90,-6.42,95.52,104.69,-9.17
254,UC San Diego,Big West,,,13,16,70.2,70.6,-0.34,,-3.16,,-1.42,-5.00,-6.42,99.95,109.55,-9.60
255,Stony Brook,AEC,,,18,13,72.9,73.1,-0.19,,-5.24,,0.53,-6.97,-6.44,101.58,110.79,-9.22
256,Pepperdine,WCC,,,7,25,68.2,77.5,-9.28,,3.98,,-0.44,-6.03,-6.47,97.04,105.53,-8.48
257,New Orleans,Southland,,,17,12,77.6,73.8,3.79,,-6.70,,0.09,-6.60,-6.51,95.52,104.15,-8.63
258,The Citadel,Southern,,,13,18,76.8,76.8,-0.03,,-1.70,,2.72,-9.24,-6.52,100.24,108.66,-8.42
259,Southeast Missouri State,OVC,,,14,18,75.6,77.3,-1.72,,-4.17,,4.57,-11.23,-6.67,101.93,111.19,-9.26
260,Georgia Southern,Sun Belt,,,13,16,66.4,65.6,0.83,,-2.70,,-6.36,-0.34,-6.70,94.89,104.23,-9.33
261,Massachusetts-Lowell,AEC,,,15,16,70.7,65.8,4.87,,-6.33,,-5.14,-1.62,-6.76,94.61,103.74,-9.13
262,Cal State Bakersfield,Big West,,,9,18,65.0,66.1,-1.11,,-1.45,,-7.36,0.58,-6.78,96.40,105.84,-9.45
263,Tennessee Tech,OVC,,,11,21,72.8,73.7,-0.91,,-2.65,,-0.45,-6.43,-6.88,98.56,107.97,-9.41
264,Texas A&M-Corpus Christi,Southland,,,20,11,77.3,70.6,6.68,,-8.88,,-3.10,-3.89,-6.99,95.13,104.50,-9.37
265,Long Island University,NEC,,,16,14,74.8,73.5,1.37,,-6.72,,1.09,-8.40,-7.31,96.82,107.02,-10.20
266,Pacific,WCC,,,8,22,65.9,72.7,-6.87,,1.03,,-5.05,-2.35,-7.40,94.46,104.67,-10.21
267,Ball State,MAC (West),,,14,16,74.6,76.8,-2.20,,-4.23,,0.73,-8.17,-7.44,99.52,109.20,-9.68
268,Canisius,MAAC,,,11,21,68.5,71.5,-3.00,,-2.44,,-4.00,-3.66,-7.67,94.32,104.92,-10.60
269,Portland State,Big Sky,,,13,16,73.2,71.9,1.31,,-5.36,,-2.72,-5.01,-7.73,92.84,103.77,-10.93
270,Mount St. Mary's,NEC,,,14,16,66.1,65.3,0.87,,-6.74,,-9.53,1.79,-7.74,93.87,104.20,-10.33
271,Manhattan,MAAC,,,15,15,70.9,72.6,-1.77,,-4.00,,-1.16,-6.64,-7.80,98.63,109.63,-11.01
272,North Florida,A-Sun,,,11,20,68.5,71.2,-2.65,,0.50,,-4.46,-3.47,-7.93,94.76,105.58,-10.83
273,Alcorn State,SWAC,,,16,15,66.7,70.7,-3.97,,-4.05,,-4.95,-3.07,-8.02,94.81,105.72,-10.91
274,Dixie State,WAC,,,13,18,72.5,74.1,-1.58,,-0.05,,-1.89,-6.16,-8.05,94.26,104.53,-10.27
275,Lipscomb,A-Sun,,,14,19,74.0,76.8,-2.85,,-2.92,,0.08,-8.14,-8.05,100.85,111.30,-10.45
276,Louisiana-Monroe,Sun Belt,,,13,18,72.5,74.3,-1.87,,-2.08,,-1.36,-6.82,-8.18,98.87,110.26,-11.39
277,Loyola (MD),Patriot,,,14,16,66.1,65.7,0.47,,-7.75,,-8.08,-0.12,-8.20,94.49,105.82,-11.33
278,Bowling Green State,MAC (East),,,13,18,80.3,80.5,-0.23,,-3.90,,5.26,-13.53,-8.27,101.34,112.66,-11.32
279,Presbyterian,Big South,,,12,20,67.8,67.9,-0.13,,-3.47,,-7.29,-1.01,-8.29,93.86,105.35,-11.49
280,Illinois-Chicago,Horizon,,,14,16,72.0,72.9,-0.97,,-5.94,,-0.50,-7.85,-8.36,97.62,109.95,-12.34
281,Tennessee State,OVC,,,14,18,71.3,70.2,1.13,,-6.80,,-4.66,-4.17,-8.83,95.76,107.81,-12.04
282,Southeastern Louisiana,Southland,,,18,13,79.7,78.5,1.19,,-5.35,,1.80,-10.74,-8.94,100.68,112.38,-11.70
283,Radford,Big South,,,11,18,63.2,67.4,-4.24,,-3.78,,-9.38,0.27,-9.11,92.54,105.65,-13.11
284,South Carolina Upstate,Big South,,,14,16,70.9,72.8,-1.87,,-4.13,,-2.12,-7.33,-9.45,98.24,110.89,-12.66
285,Albany (NY),AEC,,,13,18,61.8,65.9,-4.03,,-5.47,,-10.71,1.21,-9.50,89.31,102.49,-13.19
286,Denver,Summit,,,11,21,70.5,74.4,-3.84,,-5.34,,-3.84,-5.67,-9.50,97.40,110.75,-13.35
287,Austin Peay,OVC,,,12,17,64.7,69.1,-4.45,,-2.95,,-8.31,-1.26,-9.58,93.49,107.44,-13.95
288,North Carolina A&T,Big South,,,12,20,67.7,70.3,-2.59,,-4.22,,-5.08,-4.59,-9.67,95.01,108.40,-13.39
289,Hartford,AEC,,,12,20,69.8,72.2,-2.34,,-7.34,,-2.74,-6.94,-9.68,98.87,112.49,-13.62
290,Texas-Rio Grande Valley,WAC,,,8,23,71.4,78.6,-7.29,,-0.80,,1.42,-11.12,-9.70,98.19,111.18,-12.99
291,Jackson State,SWAC,,,11,19,61.0,65.5,-4.50,,-5.21,,-12.21,2.50,-9.71,89.85,102.77,-12.92
292,SIU Edwardsville,OVC,,,11,21,67.5,69.9,-2.41,,-4.18,,-5.36,-4.49,-9.85,91.86,105.09,-13.23
293,Northern Illinois,MAC (West),,,9,21,64.1,71.5,-7.43,,-2.45,,-8.29,-1.59,-9.88,91.01,104.68,-13.67
294,Cal Poly,Big West,,,7,21,61.5,67.3,-5.86,,-2.63,,-9.55,-0.37,-9.92,90.91,105.53,-14.62
295,Stetson,A-Sun,,,11,19,69.7,71.5,-1.80,,-3.71,,-5.80,-4.18,-9.98,94.68,109.06,-14.38
296,Binghamton,AEC,,,12,17,67.7,68.4,-0.72,,-5.91,,-7.13,-3.01,-10.13,91.63,106.20,-14.57
297,Prairie View,SWAC,,,8,19,69.5,76.3,-6.81,,-3.31,,-1.26,-8.87,-10.13,95.54,108.50,-12.96
298,UTSA,CUSA,,,10,22,67.3,72.3,-5.00,,-1.17,,-4.99,-5.14,-10.13,92.98,107.14,-14.16
299,Western Carolina,Southern,,,11,21,70.7,77.3,-6.59,,-1.57,,-2.42,-7.74,-10.15,97.00,111.08,-14.08
300,Army,Patriot,,,15,16,70.4,70.4,0.03,,-7.20,,-3.80,-6.40,-10.20,94.01,107.82,-13.81
301,Eastern Michigan,MAC (West),,,10,21,69.1,76.0,-6.87,,-2.50,,-3.16,-7.18,-10.34,92.36,106.90,-14.54
302,Evansville,MVC,,,6,24,59.2,70.7,-11.57,,1.89,,-10.04,-0.41,-10.45,91.59,108.15,-16.56
303,Merrimack,NEC,,,14,16,61.4,64.4,-2.93,,-6.44,,-12.64,2.16,-10.47,91.00,106.24,-15.24
304,Lehigh,Patriot,,,13,19,68.4,71.4,-2.94,,-7.23,,-4.01,-6.48,-10.49,94.96,110.12,-15.16
305,St. Thomas (MN),Summit,,,10,20,74.7,75.3,-0.63,,-5.01,,-1.61,-8.96,-10.57,104.32,119.48,-15.16
306,Tennessee-Martin,OVC,,,8,22,68.9,73.5,-4.63,,-2.57,,-4.65,-6.02,-10.67,93.08,107.63,-14.54
307,North Alabama,A-Sun,,,9,21,69.4,68.5,0.83,,-2.75,,-9.11,-1.76,-10.87,89.20,104.07,-14.87
308,Sacramento State,Big Sky,,,11,17,65.6,69.7,-4.11,,-5.04,,-9.70,-1.46,-11.16,92.60,108.73,-16.13
309,North Carolina Central,MEAC,,,15,14,72.9,68.4,4.48,,-6.71,,-5.99,-5.21,-11.19,92.95,107.81,-14.85
310,McNeese State,Southland,,,11,21,78.2,77.3,0.88,,-4.48,,-0.84,-10.46,-11.30,95.15,109.81,-14.66
311,Cal State Northridge,Big West,,,7,23,61.6,71.2,-9.67,,-0.82,,-8.56,-2.87,-11.43,92.61,109.84,-17.23
312,Little Rock,Sun Belt,,,9,19,66.7,73.1,-6.39,,-0.22,,-4.63,-6.91,-11.54,95.90,112.77,-16.88
313,Florida A&M,SWAC,,,13,16,65.3,69.1,-3.76,,-6.16,,-8.81,-2.80,-11.61,92.81,108.79,-15.98
314,Alabama State,SWAC,,,10,21,69.7,75.2,-5.55,,-5.12,,-3.01,-8.71,-11.72,94.62,110.26,-15.64
315,Maryland-Eastern Shore,MEAC,,,11,14,67.2,66.3,0.88,,-6.91,,-9.44,-2.33,-11.77,89.90,106.01,-16.11
316,Grambling,SWAC,,,11,19,65.9,71.4,-5.47,,-4.86,,-5.80,-6.23,-12.03,91.94,108.20,-16.26
317,Robert Morris,Horizon,,,8,24,69.4,74.7,-5.31,,-5.08,,-4.31,-7.81,-12.12,96.23,113.60,-17.37
318,Morgan State,MEAC,,,12,13,75.7,72.2,3.44,,-7.65,,-3.51,-8.76,-12.27,89.83,105.67,-15.85
319,Lafayette,Patriot,,,10,20,67.8,72.8,-5.03,,-6.35,,-6.80,-5.49,-12.28,95.70,112.92,-17.22
320,Coppin State,MEAC,,,8,22,66.9,74.8,-7.97,,-4.47,,-5.14,-7.30,-12.44,89.70,105.97,-16.27
321,Central Michigan,MAC (West),,,7,22,65.8,77.1,-11.38,,-1.13,,-5.83,-6.68,-12.51,93.17,110.41,-17.25
322,South Carolina State,MEAC,,,15,15,71.7,72.3,-0.63,,-7.86,,-5.40,-7.17,-12.56,89.69,105.89,-16.20
323,Idaho,Big Sky,,,9,22,73.0,79.6,-6.61,,-4.28,,-0.52,-12.17,-12.69,97.15,114.72,-17.57
324,Milwaukee,Horizon,,,10,22,64.8,70.8,-5.97,,-5.92,,-8.82,-3.98,-12.79,90.62,109.06,-18.44
325,Northern Arizona,Big Sky,,,9,23,67.5,73.3,-5.81,,-3.59,,-8.37,-4.61,-12.99,93.20,112.27,-19.07
326,Western Michigan,MAC (West),,,8,23,65.4,75.1,-9.74,,-1.80,,-8.15,-4.86,-13.01,94.34,112.81,-18.48
327,Sacred Heart,NEC,,,10,20,72.7,75.1,-2.47,,-8.45,,-2.66,-10.41,-13.07,98.20,116.75,-18.55
328,St. Francis (NY),NEC,,,10,20,67.2,70.5,-3.30,,-7.62,,-8.11,-5.06,-13.17,91.61,109.98,-18.37
329,Southern Mississippi,CUSA,,,7,26,64.4,74.9,-10.45,,-0.08,,-6.83,-6.45,-13.27,92.86,111.68,-18.82
330,Hampton,Big South,,,9,19,64.8,69.5,-4.71,,-5.81,,-8.29,-5.06,-13.35,88.79,107.36,-18.57
331,Central Arkansas,A-Sun,,,11,20,73.2,81.1,-7.94,,-1.24,,-0.02,-13.36,-13.38,95.63,113.24,-17.60
332,Green Bay,Horizon,,,5,25,61.7,68.9,-7.20,,-5.04,,-11.02,-2.47,-13.49,90.64,110.93,-20.29
333,Northwestern State,Southland,,,9,23,73.8,80.4,-6.56,,-2.75,,-1.37,-12.24,-13.61,95.82,113.53,-17.71
334,Chicago State,WAC,,,7,25,62.1,74.4,-12.28,,-1.44,,-7.70,-6.02,-13.72,93.21,112.52,-19.31
335,Houston Baptist,Southland,,,11,17,76.1,76.6,-0.54,,-6.30,,-3.40,-10.36,-13.76,93.58,113.01,-19.43
336,William & Mary,CAA,,,5,27,63.9,74.4,-10.50,,-1.88,,-7.73,-6.19,-13.92,88.17,107.97,-19.80
337,Saint Francis (PA),NEC,,,9,21,68.6,73.5,-4.90,,-7.53,,-6.66,-7.52,-14.18,91.89,112.37,-20.48
338,NJIT,AEC,,,11,18,63.0,70.0,-7.03,,-5.85,,-10.23,-4.08,-14.32,88.15,108.92,-20.77
339,Bethune-Cookman,SWAC,,,9,21,63.4,69.5,-6.17,,-6.34,,-9.80,-4.54,-14.34,90.24,110.73,-20.49
340,Alabama A&M,SWAC,,,11,17,61.4,67.3,-5.96,,-8.39,,-13.25,-1.10,-14.35,83.42,102.68,-19.26
341,Bucknell,Patriot,,,9,23,71.2,79.4,-8.25,,-6.12,,-1.84,-12.53,-14.37,97.27,117.64,-20.37
342,Idaho State,Big Sky,,,7,23,64.4,71.5,-7.17,,-4.82,,-11.36,-3.14,-14.50,90.55,111.86,-21.30
343,American,Patriot,,,10,22,63.5,70.9,-7.47,,-7.58,,-10.29,-4.76,-15.05,91.10,112.65,-21.55
344,Lamar,WAC,,,2,27,61.3,73.0,-11.66,,-2.14,,-9.91,-5.49,-15.40,89.63,111.53,-21.90
345,North Dakota,Summit,,,6,25,70.3,78.8,-8.58,,-4.63,,-5.46,-10.48,-15.94,94.17,116.77,-22.60
346,Omaha,Summit,,,5,25,69.6,83.5,-13.90,,-1.65,,-3.53,-12.84,-16.37,94.91,117.77,-22.86
347,Incarnate Word,Southland,,,7,25,67.0,76.4,-9.38,,-3.85,,-9.76,-6.78,-16.54,93.07,116.35,-23.28
348,Holy Cross,Patriot,,,9,22,65.2,70.7,-5.48,,-7.61,,-10.01,-6.56,-16.57,88.82,112.80,-23.98
349,Central Connecticut State,NEC,,,8,24,61.8,72.1,-10.34,,-6.74,,-11.94,-5.14,-17.08,87.74,112.17,-24.43
350,Columbia,Ivy,,,4,22,67.4,78.8,-11.42,,-4.35,,-6.02,-11.21,-17.23,90.70,114.52,-23.82
351,Charleston Southern,Big South,,,6,25,68.5,76.0,-7.55,,-4.13,,-7.72,-9.77,-17.49,89.79,113.38,-23.60
352,Fairleigh Dickinson,NEC,,,4,22,67.2,79.2,-11.92,,-5.80,,-5.52,-12.20,-17.73,91.46,116.10,-24.65
353,Maine,AEC,,,6,23,62.4,71.1,-8.69,,-5.09,,-10.69,-7.44,-18.13,88.86,114.85,-26.00
354,Arkansas-Pine Bluff,SWAC,,,7,24,66.3,78.3,-11.97,,-4.24,,-6.37,-12.26,-18.62,92.82,118.61,-25.79
355,Eastern Illinois,OVC,,,5,26,56.3,71.1,-14.81,,-3.40,,-17.75,-2.75,-20.50,81.16,110.92,-29.76
356,Mississippi Valley State,SWAC,,,2,26,67.2,83.0,-15.75,,-6.10,,-5.31,-16.54,-21.85,88.94,117.76,-28.82
357,Delaware State,MEAC,,,2,26,62.8,73.5,-10.75,,-7.03,,-13.10,-9.17,-22.27,83.23,113.74,-30.51
358,IUPUI,Horizon,,,3,26,52.4,67.1,-14.66,,-6.15,,-21.75,-1.48,-23.22,76.61,112.32,-35.71